SLP1_0104	PSLT001
SLP1_0103	PSLT002
SLP1_0102	PSLT003
SLP1_0101	PSLT004
SLP1_0100	PSLT005
SLP1_0099	PSLT006
SLP1_0098	PSLT007
SLP1_0097	PSLT008
SLP1_0096	PSLT009
SLP1_0095	PSLT010
SLP1_0094	PSLT011
SLP1_0093	PSLT012
SLP1_0092	PSLT013
SLP1_0091	PSLT014
SLP1_0090	PSLT015
SLP1_0089	PSLT016
SLP1_0088	PSLT017
SLP1_0087	PSLT018
SLP1_0086	PSLT019
SLP1_0085	PSLT020
SLP1_0084	PSLT023
SLP1_0082	PSLT025
SLP1_0081	PSLT026
SLP1_0080	PSLT027
SLP1_0079	PSLT028
SLP1_0078	PSLT029
SLP1_0077	PSLT030
SLP1_0076	PSLT031
SLP1_0075	PSLT032
SLP1_0074	PSLT033
SLP1_0073	PSLT034
SLP1_0072	PSLT035
SLP1_0071	PSLT036
SLP1_0070	PSLT037
SLP1_0068	PSLT039
SLP1_0067	PSLT040
SLP1_0066	PSLT041
SLP1_0065	PSLT042
SLP1_0064	PSLT043
SLP1_0063	PSLT044
SLP1_0062	PSLT045
SLP1_0061	PSLT046
SLP1_0060	PSLT047
SLP1_0059	PSLT048
SLP1_0058	PSLT049
SLP1_0056	PSLT051
SLP1_0055	PSLT052
SLP1_0054	PSLT053
SLP1_0053	PSLT054
SLP1_0052	PSLT055
SLP1_0051	PSLT056
SLP1_0050	PSLT057
SLP1_0049	PSLT059
SLP1_0048	PSLT060
SLP1_0045	PSLT061
SLP1_0044	PSLT062
SLP1_0043	PSLT063
SLP1_0042	PSLT064
SLP1_0041	PSLT066
SLP1_0040	PSLT067
SLP1_0039	PSLT068
SLP1_0038	PSLT069
SLP1_0037	PSLT070
SLP1_0036	PSLT072
SLP1_0035	PSLT073
SLP1_0034	PSLT075
SLP1_0033	PSLT076
SLP1_0032	PSLT077
SLP1_0031	PSLT078
SLP1_0030	PSLT079
SLP1_0029	PSLT080
SLP1_0028	PSLT081
SLP1_0027	PSLT082
SLP1_0026	PSLT083
SLP1_0025	PSLT084
SLP1_0024	PSLT085
SLP1_0023	PSLT087
SLP1_0022	PSLT088
SLP1_0021	PSLT089
SLP1_0020	PSLT091
SLP1_0019	PSLT092
SLP1_0018	PSLT093
SLP1_0017	PSLT094
SLP1_0016	PSLT095
SLP1_0015	PSLT096
SLP1_0014	PSLT097
SLP1_0013	PSLT098
SLP1_0012	PSLT099
SLP1_0011	PSLT100
SLP1_0010	PSLT101
SLP1_0009	PSLT102
SLP1_0008	PSLT103
SLP1_0004	PSLT105
SLP1_0003	PSLT108
SLP1_0002	PSLT110
SLP1_0001	PSLT111
SL1344_0001	STM0001
SL1344_0002	STM0002
SL1344_0003	STM0003
SL1344_0004	STM0004
SL1344_0005	STM0005
SL1344_0006	STM0006
SL1344_0007	STM0007
SL1344_0008	STM0008
SL1344_0009	STM0009
SL1344_0010	STM0010
SL1344_0011	STM0011
SL1344_0012	STM0012
SL1344_0013	STM0013
SL1344_0014	STM0014
SL1344_0015	STM0015
SL1344_0016	STM0016
SL1344_0017	STM0017
SL1344_0018	STM0018
SL1344_0019	STM0019
SL1344_0020	STM0020
SL1344_0021	STM0021
SL1344_0022	STM0022
SL1344_0023	STM0023
SL1344_0024	STM0024
SL1344_0025	STM0025
SL1344_0026	STM0026
SL1344_0027	STM0027
SL1344_0028	STM0028
SL1344_0030	STM0029
SL1344_0031	STM0030
SL1344_0032	STM0031
SL1344_0033	STM0032
SL1344_0034	STM0033
SL1344_0035	STM0034
SL1344_0036	STM0035
SL1344_0037	STM0036
SL1344_0038	STM0037
SL1344_0039	STM0038
SL1344_0040	STM0039
SL1344_0041	STM0040
SL1344_0042	STM0041
SL1344_0043	STM0042
SL1344_0044	STM0043
SL1344_0045	STM0044
SL1344_0046	STM0045
SL1344_0047	STM0046
SL1344_0048	STM0047
SL1344_0049	STM0048
SL1344_0050	STM0049
SL1344_0051	STM0050
SL1344_0052	STM0051
SL1344_0053	STM0052
SL1344_0054	STM0053
SL1344_0055	STM0054
SL1344_0056	STM0055
SL1344_0057	STM0056
SL1344_0058	STM0057
SL1344_0059	STM0058
SL1344_0060	STM0059
SL1344_0061	STM0060
SL1344_0062	STM0061
SL1344_0063	STM0062
SL1344_0064	STM0063
SL1344_0065	STM0064
SL1344_0066A	STM0065
SL1344_0067	STM0066
SL1344_0068	STM0067
SL1344_0069	STM0068
SL1344_0070	STM0069
SL1344_0071	STM0070
SL1344_0072	STM0071
SL1344_0073	STM0072
SL1344_0074	STM0073
SL1344_0075	STM0074
SL1344_0076	STM0075
SL1344_0077	STM0076
SL1344_0078	STM0077
SL1344_0079	STM0078
SL1344_0080	STM0079
SL1344_0081	STM0080
SL1344_0082	STM0081
SL1344_0083	STM0082
SL1344_0084	STM0084
SL1344_0086	STM0085
SL1344_0087	STM0086
SL1344_0088	STM0087
SL1344_0089	STM0088
SL1344_0090	STM0089
SL1344_0091	STM0090
SL1344_0092	STM0091
SL1344_0093	STM0092
SL1344_0094	STM0093
SL1344_0095	STM0094
SL1344_0096	STM0095
SL1344_0097	STM0096
SL1344_0098	STM0097
SL1344_0099	STM0098
SL1344_0100	STM0100
SL1344_0101	STM0101
SL1344_0102	STM0102
SL1344_0103	STM0103
SL1344_0104	STM0104
SL1344_0105	STM0105
SL1344_0106	STM0106
SL1344_0107	STM0107
SL1344_0108	STM0108
SL1344_0109	STM0109
SL1344_0110	STM0110
SL1344_0111	STM0111
SL1344_0112	STM0112
SL1344_0113	STM0113
SL1344_0115	STM0115
SL1344_0116	STM0116
SL1344_0117	STM0117
SL1344_0118	STM0118
SL1344_0119	STM0119
SL1344_0120	STM0120
SL1344_0121	STM0121
SL1344_0122	STM0122
SL1344_0123	STM0123
SL1344_0124	STM0124
SL1344_0125	STM0125
SL1344_0126	STM0126
SL1344_0127	STM0127
SL1344_0128	STM0128
SL1344_0129	STM0129
SL1344_0130	STM0130
SL1344_0132	STM0132
SL1344_0133	STM0133
SL1344_0134	STM0134
SL1344_0135	STM0135
SL1344_0136	STM0136
SL1344_0137	STM0137
SL1344_0138	STM0138
SL1344_0139	STM0139
SL1344_0140	STM0140
SL1344_0141	STM0141
SL1344_0142	STM0142
SL1344_0143	STM0143
SL1344_0144	STM0144
SL1344_0145	STM0145
SL1344_0146	STM0146
SL1344_0147	STM0147
SL1344_0148	STM0148
SL1344_0149	STM0149
SL1344_0150	STM0150
SL1344_0151	STM0151
SL1344_0152	STM0152
SL1344_0153	STM0153
SL1344_0154	STM0154
SL1344_0155	STM0155
SL1344_0156	STM0156
SL1344_0157	STM0157
SL1344_0159	STM0158
SL1344_0160	STM0159
SL1344_0161	STM0160
SL1344_0162	STM0161
SL1344_0163	STM0162
SL1344_0164	STM0163
SL1344_0165	STM0164
SL1344_0166	STM0165
SL1344_0167	STM0166
SL1344_0168	STM0167
SL1344_0169	STM0168
SL1344_0170	STM0169
SL1344_0171	STM0170
SL1344_0172	STM0171
SL1344_0173	STM0172
SL1344_0174	STM0173
SL1344_0175	STM0174
SL1344_0176	STM0175
SL1344_0177	STM0176
SL1344_0178	STM0177
SL1344_0179	STM0178
SL1344_0180	STM0179
SL1344_0181	STM0180
SL1344_0182	STM0181
SL1344_0183	STM0182
SL1344_0184	STM0183
SL1344_0185	STM0184
SL1344_0186	STM0185
SL1344_0187	STM0186
SL1344_0188	STM0187
SL1344_0189	STM0188
SL1344_0190	STM0189
SL1344_0191	STM0190
SL1344_0192	STM0191
SL1344_0193	STM0192
SL1344_0194	STM0193
SL1344_0195	STM0194
SL1344_0196	STM0195
SL1344_0197	STM0196
SL1344_0198	STM0197
SL1344_0199	STM0198
SL1344_0200	STM0199
SL1344_0201	STM0200
SL1344_0202	STM0201
SL1344_0203	STM0202
SL1344_0204	STM0203
SL1344_0205	STM0204
SL1344_0206	STM0205
SL1344_0207	STM0206
SL1344_0208	STM0207
SL1344_0209	STM0208
SL1344_0210	STM0209
SL1344_0211	STM0210
SL1344_0212	STM0211
SL1344_0213	STM0212
SL1344_0214	STM0213
SL1344_0215	STM0214
SL1344_0216	STM0215
SL1344_0217	STM0216
SL1344_0218	STM0217
SL1344_0219	STM0218
SL1344_0220	STM0219
SL1344_0221	STM0220
SL1344_0222	STM0221
SL1344_0223	STM0222
SL1344_0224	STM0223
SL1344_0225	STM0224
SL1344_0226	STM0225
SL1344_0227	STM0226
SL1344_0228	STM0227
SL1344_0229	STM0228
SL1344_0230	STM0229
SL1344_0231	STM0230
SL1344_0232	STM0231
SL1344_0233	STM0232
SL1344_0234	STM0233
SL1344_0235	STM0234
SL1344_0236	STM0235
SL1344_0237	STM0236
SL1344_0238	STM0237
SL1344_0239	STM0238
SL1344_0240	STM0239
SL1344_0241	STM0240
SL1344_0242	STM0241
SL1344_0243	STM0242
SL1344_0244	STM0243
SL1344_0245	STM0244
SL1344_0246	STM0245
SL1344_0247	STM0246
SL1344_0248	STM0247
SL1344_0249	STM0248
SL1344_0250	STM0255
SL1344_0251	STM0256
SL1344_0252	STM0257
SL1344_0253	STM0258
SL1344_0254	STM0259
SL1344_0255	STM0260
SL1344_0256	STM0261
SL1344_0257	STM0262
SL1344_0258	STM0263
SL1344_0259	STM0264
SL1344_0260	STM0266
SL1344_0261	STM0267
SL1344_0262	STM0268
SL1344_0263	STM0269
SL1344_0264	STM0270
SL1344_0265	STM0271
SL1344_0266	STM0272
SL1344_0267	STM0273
SL1344_0268	STM0274
SL1344_0270	STM0275
SL1344_0271	STM0276
SL1344_0272	STM0277
SL1344_0273	STM0278
SL1344_0274	STM0279
SL1344_0275	STM0280
SL1344_0276	STM0281
SL1344_0277	STM0282
SL1344_0278	STM0283
SL1344_0279	STM0284
SL1344_0280	STM0285
SL1344_0281	STM0286
SL1344_0282	STM0287
SL1344_0283	STM0288
SL1344_0284	STM0289
SL1344_0285	STM0290
SL1344_0286B	STM0292
SL1344_0288	STM0293
SL1344_0289	STM0294
SL1344_0291	STM0295
SL1344_0293	STM0297
SL1344_0295	STM0299
SL1344_0296	STM0300
SL1344_0297	STM0301
SL1344_0298	STM0302
SL1344_0299	STM0303
SL1344_0300	STM0304
SL1344_0301	STM0305
SL1344_0302	STM0306
SL1344_0303	STM0307
SL1344_0304	STM0308
SL1344_0305	STM0309
SL1344_0306	STM0310
SL1344_0307	STM0311
SL1344_0308	STM0312
SL1344_0309	STM0313
SL1344_0310	STM0314
SL1344_0311	STM0315
SL1344_0312	STM0316
SL1344_0313	STM0317
SL1344_0314	STM0318
SL1344_0315	STM0319
SL1344_0316	STM0320
SL1344_0317	STM0321
SL1344_0318	STM0322
SL1344_0319	STM0325
SL1344_0320	STM0326
SL1344_0322	STM0327
SL1344_0323	STM0328
SL1344_0324	STM0329
SL1344_0325	STM0330
SL1344_0326	STM0331
SL1344_0327	STM0332
SL1344_0328	STM0333
SL1344_0329	STM0334
SL1344_0330	STM0335
SL1344_0331	STM0336
SL1344_0332	STM0337
SL1344_0333	STM0338
SL1344_0334	STM0339
SL1344_0335	STM0340
SL1344_0336	STM0341
SL1344_0337	STM0342
SL1344_0338	STM0343
SL1344_0339	STM0344
SL1344_0340	STM0345
SL1344_0341	STM0346
SL1344_0342	STM0347
SL1344_0343	STM0348
SL1344_0344	STM0349
SL1344_0345	STM0350
SL1344_0346	STM0351
SL1344_0347	STM0352
SL1344_0348	STM0353
SL1344_0349	STM0354
SL1344_0350	STM0355
SL1344_0351	STM0356
SL1344_0352	STM0357
SL1344_0353	STM0358
SL1344_0354	STM0359
SL1344_0355	STM0360
SL1344_0356	STM0361
SL1344_0357	STM0362
SL1344_0358	STM0363
SL1344_0359	STM0364
SL1344_0360	STM0365
SL1344_0361	STM0366
SL1344_0362	STM0367
SL1344_0363	STM0368
SL1344_0364	STM0369
SL1344_0365	STM0370
SL1344_0366	STM0371
SL1344_0367	STM0372
SL1344_0368	STM0373
SL1344_0369	STM0374
SL1344_0370	STM0375
SL1344_0371	STM0376
SL1344_0372	STM0377
SL1344_0373	STM0378
SL1344_0374	STM0379
SL1344_0375	STM0380
SL1344_0376	STM0381
SL1344_0377	STM0382
SL1344_0378	STM0383
SL1344_0379	STM0384
SL1344_0380	STM0385
SL1344_0381	STM0386
SL1344_0382	STM0387
SL1344_0383	STM0388
SL1344_0384	STM0389
SL1344_0385	STM0390
SL1344_0386	STM0391
SL1344_0387	STM0392
SL1344_0388	STM0393
SL1344_0389	STM0394
SL1344_0390	STM0395
SL1344_0391	STM0396
SL1344_0392	STM0397
SL1344_0393	STM0398
SL1344_0394	STM0399
SL1344_0395	STM0400
SL1344_0396	STM0401
SL1344_0397	STM0402
SL1344_0398	STM0403
SL1344_0399	STM0404
SL1344_0400	STM0405
SL1344_0401	STM0406
SL1344_0402	STM0407
SL1344_0403	STM0408
SL1344_0404	STM0409
SL1344_0405	STM0410
SL1344_0406	STM0411
SL1344_0407	STM0413
SL1344_0408	STM0414
SL1344_0409	STM0415
SL1344_0410	STM0416
SL1344_0411	STM0417
SL1344_0412	STM0418
SL1344_0413	STM0419
SL1344_0414	STM0420
SL1344_0415	STM0421
SL1344_0416	STM0422
SL1344_0417	STM0423
SL1344_0418	STM0424
SL1344_0419	STM0425
SL1344_0420	STM0426
SL1344_0421	STM0427
SL1344_0422	STM0428
SL1344_0423	STM0429
SL1344_0424	STM0430
SL1344_0425	STM0431
SL1344_0426	STM0432
SL1344_0427	STM0433
SL1344_0428	STM0434
SL1344_0429	STM0435
SL1344_0430	STM0436
SL1344_0431	STM0437
SL1344_0432	STM0438
SL1344_0433	STM0439
SL1344_0434	STM0440
SL1344_0435	STM0441
SL1344_0436	STM0442
SL1344_0437	STM0443
SL1344_0438	STM0444
SL1344_0439	STM0445
SL1344_0440	STM0446
SL1344_0441	STM0447
SL1344_0442	STM0448
SL1344_0443	STM0449
SL1344_0444	STM0450
SL1344_0445	STM0451
SL1344_0446	STM0452
SL1344_0447	STM0453
SL1344_0448	STM0454
SL1344_0449	STM0455
SL1344_0450	STM0456
SL1344_0451	STM0457
SL1344_0452	STM0458
SL1344_0453	STM0459
SL1344_0454	STM0460
SL1344_0455	STM0461
SL1344_0456	STM0462
SL1344_0457	STM0463
SL1344_0458	STM0464
SL1344_0459	STM0465
SL1344_0460	STM0466
SL1344_ncRNA_37	STM0467
SL1344_0461	STM0468
SL1344_0462	STM0469
SL1344_0464	STM0471
SL1344_0465	STM0472
SL1344_0466	STM0473
SL1344_0467	STM0474
SL1344_0468	STM0475
SL1344_0469	STM0476
SL1344_0470	STM0477
SL1344_0471	STM0478
SL1344_0472	STM0479
SL1344_0473	STM0480
SL1344_0474	STM0481
SL1344_0476	STM0483
SL1344_0477	STM0484
SL1344_0478	STM0485
SL1344_0479	STM0486
SL1344_0480	STM0487
SL1344_0481	STM0488
SL1344_0482	STM0489
SL1344_0483	STM0490
SL1344_0484	STM0491
SL1344_0485	STM0492
SL1344_0486	STM0493
SL1344_0487	STM0494
SL1344_0488	STM0495
SL1344_0489	STM0496
SL1344_0490	STM0497
SL1344_0491	STM0498
SL1344_0492	STM0499
SL1344_0493	STM0500
SL1344_0494	STM0501
SL1344_0495	STM0502
SL1344_0496	STM0503
SL1344_0497	STM0504
SL1344_0498	STM0505
SL1344_0499	STM0506
SL1344_0500	STM0507
SL1344_0501	STM0508
SL1344_0502	STM0509
SL1344_0503	STM0510
SL1344_0504	STM0511
SL1344_0505	STM0512
SL1344_0506	STM0513
SL1344_0507	STM0514
SL1344_0508	STM0515
SL1344_0509	STM0516
SL1344_0510	STM0517
SL1344_0511	STM0518
SL1344_0512	STM0519
SL1344_0513	STM0520
SL1344_0515	STM0522
SL1344_0516	STM0523
SL1344_0517	STM0524
SL1344_0518	STM0525
SL1344_0519	STM0526
SL1344_0520	STM0527
SL1344_0521	STM0528
SL1344_0522	STM0529
SL1344_0523	STM0530
SL1344_0524	STM0531
SL1344_0525	STM0532
SL1344_0526	STM0533
SL1344_0527	STM0534
SL1344_0528	STM0535
SL1344_0529	STM0536
SL1344_0530	STM0537
SL1344_0531	STM0538
SL1344_0532	STM0539
SL1344_0533	STM0540
SL1344_0534	STM0541
SL1344_0535	STM0542
SL1344_0536	STM0543
SL1344_0537	STM0544
SL1344_0538	STM0545
SL1344_0539	STM0546
SL1344_0540	STM0547
SL1344_0541	STM0548
SL1344_0542	STM0549
SL1344_0543	STM0550
SL1344_0544	STM0551
SL1344_0545	STM0552
SL1344_0547	STM0557
SL1344_0548	STM0558
SL1344_0549	STM0559
SL1344_0550	STM0561
SL1344_0550A	STM0562
SL1344_0551	STM0563
SL1344_0552	STM0564
SL1344_0553	STM0565
SL1344_0554	STM0566
SL1344_0555	STM0567
SL1344_0556	STM0568
SL1344_0557	STM0569
SL1344_0558	STM0570
SL1344_0559	STM0571
SL1344_0560	STM0572
SL1344_0561	STM0573
SL1344_0562	STM0574
SL1344_0563	STM0575
SL1344_0564	STM0576
SL1344_0565	STM0577
SL1344_0566	STM0578
SL1344_0567	STM0579
SL1344_0568	STM0580
SL1344_0569	STM0581
SL1344_0570	STM0582
SL1344_0571	STM0583
SL1344_0572	STM0584
SL1344_0573	STM0585
SL1344_0574	STM0586
SL1344_0575	STM0587
SL1344_0576	STM0588
SL1344_0577	STM0589
SL1344_0578	STM0590
SL1344_0579	STM0591
SL1344_0580	STM0592
SL1344_0581	STM0593
SL1344_0582	STM0594
SL1344_0583	STM0595
SL1344_0584	STM0596
SL1344_0585	STM0597
SL1344_0586	STM0598
SL1344_0587	STM0599
SL1344_0588	STM0600
SL1344_0589	STM0601
SL1344_0590	STM0602
SL1344_0591	STM0603
SL1344_0592	STM0604
SL1344_0593	STM0605
SL1344_0594	STM0606
SL1344_0595	STM0607
SL1344_0596	STM0608
SL1344_0597	STM0609
SL1344_0598	STM0610
SL1344_0599	STM0611
SL1344_0600	STM0612
SL1344_0601	STM0613
SL1344_0602	STM0614
SL1344_0603	STM0615
SL1344_0604	STM0616
SL1344_0605	STM0617
SL1344_0606	STM0618
SL1344_0607	STM0619
SL1344_0608	STM0620
SL1344_0609	STM0621
SL1344_0610	STM0622
SL1344_0611	STM0623
SL1344_0612	STM0624
SL1344_0613	STM0625
SL1344_0614	STM0626
SL1344_0615	STM0627
SL1344_0616	STM0628
SL1344_0617	STM0629
SL1344_0618	STM0630
SL1344_0619	STM0631
SL1344_0620	STM0632
SL1344_0621	STM0633
SL1344_0622	STM0634
SL1344_0623	STM0635
SL1344_0624	STM0636
SL1344_0625	STM0637
SL1344_0627	STM0639
SL1344_0628	STM0640
SL1344_0629	STM0641
SL1344_0630	STM0642
SL1344_0631	STM0643
SL1344_0632	STM0644
SL1344_0633	STM0645
SL1344_0634	STM0646
SL1344_0635	STM0647
SL1344_0636	STM0648
SL1344_0637	STM0649
SL1344_0638	STM0650
SL1344_0639	STM0651
SL1344_0640	STM0652
SL1344_0641	STM0653
SL1344_0642	STM0654
SL1344_0643	STM0655
SL1344_0644	STM0656
SL1344_0645	STM0657
SL1344_0647	STM0658
SL1344_0648	STM0659
SL1344_0649	STM0660
SL1344_0650	STM0661
SL1344_0651	STM0662
SL1344_0652	STM0663
SL1344_0653	STM0664
SL1344_0654	STM0665
SL1344_0655	STM0666
SL1344_0656	STM0667
SL1344_0657	STM0668
SL1344_0658	STM0669
SL1344_0659	STM0670
SL1344_0660	STM0671
SL1344_0661	STM0672
SL1344_0662	STM0680
SL1344_0663	STM0681
SL1344_0664	STM0682
SL1344_0665	STM0683
SL1344_0666	STM0684
SL1344_0667	STM0685
SL1344_0668	STM0686
SL1344_0669	STM0687
SL1344_0670	STM0688
SL1344_0671	STM0689
SL1344_0672	STM0690
SL1344_0673	STM0691
SL1344_0674	STM0692
SL1344_0675	STM0693
SL1344_0676	STM0694
SL1344_0677	STM0695
SL1344_0678	STM0696
SL1344_0679	STM0697
SL1344_0680	STM0698
SL1344_0681	STM0699
SL1344_0682	STM0700
SL1344_0683	STM0701
SL1344_0684	STM0702
SL1344_0685	STM0703
SL1344_0686	STM0704
SL1344_0687	STM0705
SL1344_0688	STM0706
SL1344_0688A	STM0707
SL1344_0689	STM0708
SL1344_0690	STM0709
SL1344_0691	STM0710
SL1344_0692	STM0711
SL1344_0693	STM0712
SL1344_0694	STM0713
SL1344_0695	STM0714
SL1344_0696	STM0715
SL1344_0697	STM0716
SL1344_0698	STM0717
SL1344_0699	STM0718
SL1344_0700	STM0719
SL1344_0702	STM0720
SL1344_0703	STM0721
SL1344_0704	STM0722
SL1344_0705	STM0723
SL1344_0706	STM0724
SL1344_0707	STM0725
SL1344_0708	STM0726
SL1344_0709	STM0727
SL1344_0710	STM0728
SL1344_0711	STM0729
SL1344_0712	STM0730
SL1344_0713	STM0731
SL1344_0714	STM0732
SL1344_0715	STM0733
SL1344_0716	STM0734
SL1344_0717	STM0735
SL1344_0718	STM0736
SL1344_0719	STM0737
SL1344_0720	STM0738
SL1344_0721	STM0739
SL1344_0722	STM0740
SL1344_0723	STM0741
SL1344_0724	STM0742
SL1344_0725	STM0743
SL1344_0726	STM0744
SL1344_0727	STM0745
SL1344_0728	STM0746
SL1344_0729	STM0747
SL1344_0730	STM0748
SL1344_0731	STM0749
SL1344_0732	STM0750
SL1344_0733	STM0756
SL1344_0734	STM0757
SL1344_0735	STM0758
SL1344_0736	STM0759
SL1344_0737	STM0760
SL1344_0738	STM0761
SL1344_0739	STM0762
SL1344_0740	STM0763
SL1344_0741	STM0764
SL1344_0742	STM0765
SL1344_0743	STM0766
SL1344_0745	STM0768
SL1344_0746	STM0769
SL1344_0747	STM0770
SL1344_0748	STM0771
SL1344_0749	STM0772
SL1344_0750	STM0773
SL1344_0751	STM0774
SL1344_0752	STM0775
SL1344_0753	STM0776
SL1344_0754	STM0777
SL1344_0755	STM0778
SL1344_0756	STM0779
SL1344_0757	STM0780
SL1344_0758	STM0781
SL1344_0759	STM0782
SL1344_0760	STM0783
SL1344_0761	STM0784
SL1344_0762	STM0785
SL1344_0763	STM0786
SL1344_0764	STM0787
SL1344_0765	STM0788
SL1344_0766	STM0789
SL1344_0767	STM0790
SL1344_0768	STM0791
SL1344_0769	STM0792
SL1344_0770	STM0793
SL1344_0771	STM0794
SL1344_0772	STM0795
SL1344_0773	STM0796
SL1344_0774	STM0797
SL1344_0775	STM0798
SL1344_0776	STM0800
SL1344_0777	STM0801
SL1344_0778	STM0802
SL1344_0779	STM0803
SL1344_0780	STM0804
SL1344_0781	STM0805
SL1344_0782	STM0806
SL1344_0783	STM0807
SL1344_0784	STM0808
SL1344_0785	STM0809
SL1344_0786	STM0810
SL1344_0787	STM0811
SL1344_0788	STM0812
SL1344_0789	STM0813
SL1344_0790	STM0814
SL1344_0791	STM0815
SL1344_0792	STM0816
SL1344_0793	STM0817
SL1344_0794	STM0818
SL1344_0795	STM0819
SL1344_0796	STM0820
SL1344_0797	STM0821
SL1344_0798	STM0822
SL1344_0799	STM0823
SL1344_0800	STM0825
SL1344_0801	STM0826
SL1344_0802	STM0827
SL1344_0803	STM0828
SL1344_0804	STM0829
SL1344_0805	STM0830
SL1344_0806	STM0831
SL1344_0807	STM0832
SL1344_0808	STM0833
SL1344_0809	STM0834
SL1344_0810	STM0835
SL1344_0811	STM0836
SL1344_0812	STM0837
SL1344_0813	STM0838
SL1344_0814	STM0839
SL1344_0815	STM0840
SL1344_0817	STM0841
SL1344_0818	STM0842
SL1344_0819	STM0843
SL1344_0820	STM0844
SL1344_0821	STM0845
SL1344_0822	STM0846
SL1344_0823	STM0847
SL1344_0824	STM0848
SL1344_0825	STM0849
SL1344_0826	STM0850
SL1344_0827	STM0851
SL1344_0828	STM0852
SL1344_0829	STM0853
SL1344_0830	STM0854
SL1344_0831	STM0855
SL1344_0832	STM0856
SL1344_0833	STM0857
SL1344_0834	STM0858
SL1344_0835	STM0859
SL1344_0836	STM0860
SL1344_0837	STM0861
SL1344_0838	STM0862
SL1344_0839	STM0863
SL1344_0840	STM0864
SL1344_0841	STM0865
SL1344_0842	STM0866
SL1344_0843	STM0867
SL1344_0844	STM0868
SL1344_0845	STM0869
SL1344_0846	STM0870
SL1344_0847	STM0871
SL1344_0848	STM0872
SL1344_0849	STM0873
SL1344_0852	STM0875
SL1344_0853	STM0876
SL1344_0854	STM0877
SL1344_0855	STM0878
SL1344_0856	STM0879
SL1344_0857	STM0880
SL1344_0858	STM0881
SL1344_0859	STM0882
SL1344_0860	STM0884
SL1344_0861	STM0885
SL1344_0862	STM0886
SL1344_0863	STM0887
SL1344_0864	STM0888
SL1344_0865	STM0889
SL1344_0866	STM0890
SL1344_0867	STM0891
SL1344_0868	STM0892
SL1344_1957	STM0906
SL1344_0869	STM0930
SL1344_0870	STM0931
SL1344_0871	STM0932
SL1344_0872	STM0933
SL1344_0873	STM0934
SL1344_0874	STM0935
SL1344_0875	STM0936
SL1344_0876	STM0937
SL1344_0877	STM0938
SL1344_0878	STM0939
SL1344_0879	STM0940
SL1344_0880	STM0941
SL1344_0881	STM0942
SL1344_0882	STM0943
SL1344_0883	STM0944
SL1344_0884	STM0945
SL1344_1166	STM0946
SL1344_0886	STM0947
SL1344_0887	STM0948
SL1344_0888	STM0950
SL1344_0889	STM0951
SL1344_0890	STM0952
SL1344_0891	STM0953
SL1344_0892	STM0954
SL1344_0893	STM0955
SL1344_0894	STM0956
SL1344_0895	STM0957
SL1344_0896	STM0958
SL1344_0897	STM0959
SL1344_0898	STM0960
SL1344_0899	STM0961
SL1344_0900	STM0962
SL1344_0901	STM0963
SL1344_0902	STM0964
SL1344_0903	STM0965
SL1344_0904	STM0966
SL1344_0905	STM0968
SL1344_0906	STM0969
SL1344_0907	STM0970
SL1344_0908	STM0971
SL1344_0909	STM0972
SL1344_0910	STM0973
SL1344_0911	STM0974
SL1344_0912	STM0975
SL1344_0913	STM0976
SL1344_0914	STM0977
SL1344_0915	STM0978
SL1344_0916	STM0979
SL1344_0917	STM0980
SL1344_0918	STM0981
SL1344_0919	STM0982
SL1344_0920	STM0983
SL1344_0921	STM0984
SL1344_0922	STM0985
SL1344_0923	STM0986
SL1344_0924	STM0987
SL1344_0925	STM0988
SL1344_0926	STM0989
SL1344_0927	STM0990
SL1344_0928	STM0991
SL1344_0929	STM0992
SL1344_0930	STM0993
SL1344_0931	STM0994
SL1344_0932	STM0995
SL1344_0933	STM0996
SL1344_0934	STM0997
SL1344_0935	STM0998
SL1344_0936	STM0999
SL1344_0937	STM1000
SL1344_0938	STM1001
SL1344_0939	STM1002
SL1344_0940	STM1003
SL1344_0941	STM1004
SL1344_0942	STM1005
SL1344_0943	STM1006
SL1344_0944	STM1007
SL1344_0945	STM1008
SL1344_0946	STM1009
SL1344_0947	STM1010
SL1344_0949	STM1011
SL1344_0950	STM1012
SL1344_0951	STM1013
SL1344_0952	STM1014
SL1344_0953	STM1015
SL1344_0954	STM1016
SL1344_0955	STM1017
SL1344_0956	STM1018
SL1344_0957	STM1019
SL1344_0958	STM1020
SL1344_0959	STM1021
SL1344_0961	STM1022
SL1344_0962	STM1023
SL1344_0963	STM1024
SL1344_0964	STM1025
SL1344_0965	STM1026
SL1344_0965A	STM1027
SL1344_0966	STM1028
SL1344_0967	STM1029
SL1344_0968	STM1030
SL1344_0969	STM1031
SL1344_0971	STM1032
SL1344_0972	STM1033
SL1344_0973	STM1034
SL1344_0974	STM1035
SL1344_0975	STM1036
SL1344_0976	STM1037
SL1344_0977	STM1038
SL1344_0978	STM1039
SL1344_0979	STM1040
SL1344_0980	STM1041
SL1344_0981	STM1042
SL1344_0982	STM1043
SL1344_0983	STM1044
SL1344_0984	STM1045
SL1344_0985	STM1046
SL1344_0986	STM1047
SL1344_0987	STM1048
SL1344_0988	STM1049
SL1344_0989	STM1050
SL1344_0991	STM1051
SL1344_0992	STM1052
SL1344_0993	STM1053
SL1344_0994	STM1054
SL1344_0995	STM1055
SL1344_0996	STM1056
SL1344_0997	STM1057
SL1344_0998	STM1058
SL1344_0999	STM1059
SL1344_1000	STM1060
SL1344_1001	STM1061
SL1344_1002	STM1062
SL1344_1003	STM1063
SL1344_1004	STM1064
SL1344_1005	STM1065
SL1344_1006	STM1066
SL1344_1007	STM1067
SL1344_1008	STM1068
SL1344_1009	STM1069
SL1344_1010	STM1070
SL1344_1011	STM1071
SL1344_1012	STM1072
SL1344_1013	STM1073
SL1344_1014	STM1074
SL1344_1015	STM1075
SL1344_1016	STM1076
SL1344_1017	STM1077
SL1344_1018	STM1078
SL1344_1019	STM1079
SL1344_1020	STM1080
SL1344_1021	STM1081
SL1344_1022	STM1082
SL1344_1023	STM1083
SL1344_1024	STM1084
SL1344_1025	STM1085
SL1344_1026	STM1087
SL1344_1027	STM1088
SL1344_1028	STM1089
SL1344_1029	STM1090
SL1344_1030	STM1091
SL1344_1031	STM1092
SL1344_1032	STM1093
SL1344_1033	STM1094
SL1344_1034	STM1095
SL1344_1035	STM1096
SL1344_1036	STM1097
SL1344_1037	STM1098
SL1344_1038	STM1099
SL1344_1039	STM1100
SL1344_1040	STM1101
SL1344_1041	STM1102
SL1344_1042	STM1103
SL1344_1043	STM1104
SL1344_1044	STM1105
SL1344_1045	STM1106
SL1344_1046	STM1107
SL1344_1047	STM1108
SL1344_1048	STM1109
SL1344_1049	STM1110
SL1344_1050	STM1111
SL1344_1051	STM1112
SL1344_1052	STM1113
SL1344_1053	STM1114
SL1344_1054	STM1115
SL1344_1055	STM1116
SL1344_1056	STM1117
SL1344_1057	STM1118
SL1344_1058	STM1119
SL1344_1059	STM1121
SL1344_1060	STM1122
SL1344_1061	STM1123
SL1344_1062	STM1124
SL1344_1063	STM1125
SL1344_1064	STM1126
SL1344_1065	STM1127
SL1344_1066	STM1128
SL1344_1067	STM1129
SL1344_1068	STM1130
SL1344_1069	STM1131
SL1344_1070	STM1132
SL1344_1071	STM1133
SL1344_1072	STM1135
SL1344_1073	STM1136
SL1344_1074	STM1137
SL1344_1075	STM1138
SL1344_1076	STM1139
SL1344_1077	STM1140
SL1344_1078	STM1141
SL1344_1079	STM1142
SL1344_1080	STM1143
SL1344_1081	STM1144
SL1344_1082	STM1145
SL1344_1083	STM1146
SL1344_1084	STM1147
SL1344_1085	STM1148
SL1344_1086	STM1149
SL1344_1087	STM1150
SL1344_1088	STM1151
SL1344_1089	STM1152
SL1344_1090	STM1153
SL1344_1091	STM1154
SL1344_1092	STM1155
SL1344_1093	STM1156
SL1344_1094	STM1157
SL1344_1095	STM1158
SL1344_1096	STM1159
SL1344_1097	STM1160
SL1344_1098	STM1161
SL1344_1099	STM1162
SL1344_1100	STM1163
SL1344_1101	STM1164
SL1344_1102	STM1165
SL1344_1103	STM1166
SL1344_1104	STM1167
SL1344_1105	STM1168
SL1344_1106	STM1169
SL1344_1107	STM1170
SL1344_1108	STM1171
SL1344_1109	STM1172
SL1344_1110	STM1173
SL1344_1111	STM1174
SL1344_1112	STM1175
SL1344_1113	STM1176
SL1344_1114	STM1177
SL1344_1115	STM1178
SL1344_1116	STM1179
SL1344_1117	STM1180
SL1344_1118	STM1181
SL1344_1119	STM1182
SL1344_1120	STM1183
SL1344_1121	STM1184
SL1344_1122	STM1185
SL1344_1123	STM1187
SL1344_1124	STM1188
SL1344_1126	STM1189
SL1344_1127	STM1190
SL1344_1128	STM1191
SL1344_1129	STM1192
SL1344_1130	STM1193
SL1344_1131	STM1194
SL1344_1132	STM1195
SL1344_1133	STM1196
SL1344_1134	STM1197
SL1344_1135	STM1198
SL1344_1136	STM1199
SL1344_1137	STM1200
SL1344_1138	STM1201
SL1344_1139	STM1202
SL1344_1140	STM1203
SL1344_1141	STM1204
SL1344_1142	STM1205
SL1344_1143	STM1206
SL1344_1144	STM1207
SL1344_1145	STM1208
SL1344_1146	STM1209
SL1344_1147	STM1210
SL1344_1148	STM1211
SL1344_1149	STM1212
SL1344_1150	STM1213
SL1344_1151	STM1214
SL1344_1152	STM1215
SL1344_1153	STM1216
SL1344_1154	STM1217
SL1344_1155	STM1218
SL1344_1156	STM1219
SL1344_1157	STM1220
SL1344_1158	STM1221
SL1344_1159	STM1222
SL1344_1160	STM1223
SL1344_1161	STM1224
SL1344_1162	STM1225
SL1344_1163	STM1226
SL1344_1164	STM1227
SL1344_1167	STM1229
SL1344_1168	STM1230
SL1344_1169	STM1231
SL1344_1170	STM1232
SL1344_1171	STM1233
SL1344_1172	STM1234
SL1344_1173	STM1235
SL1344_1174	STM1236
SL1344_1175	STM1237
SL1344_1176	STM1238
SL1344_1177	STM1239
SL1344_1179	STM1240
SL1344_1180	STM1241
SL1344_1181	STM1242
SL1344_1182	STM1243
SL1344_1183	STM1244
SL1344_1184	STM1246
SL1344_1185	STM1249
SL1344_1186	STM1250
SL1344_1187	STM1251
SL1344_1188	STM1252
SL1344_1189	STM1253
SL1344_1190	STM1254
SL1344_1191	STM1255
SL1344_1192	STM1256
SL1344_1193	STM1257
SL1344_1194	STM1258
SL1344_1195	STM1259
SL1344_1196	STM1260
SL1344_1197	STM1261
SL1344_1198	STM1263
SL1344_1199	STM1264
SL1344_1200	STM1265
SL1344_1201	STM1266
SL1344_1202	STM1267
SL1344_1203	STM1268
SL1344_1204	STM1269
SL1344_1205	STM1270
SL1344_1206	STM1271
SL1344_1207	STM1272
SL1344_1208	STM1273
SL1344_1210	STM1274
SL1344_1211	STM1275
SL1344_1212	STM1276
SL1344_1213	STM1277
SL1344_1214	STM1278
SL1344_1215	STM1279
SL1344_1216	STM1280
SL1344_1217	STM1282
SL1344_1218	STM1283
SL1344_1219	STM1284
SL1344_1220	STM1285
SL1344_1221	STM1286
SL1344_1222	STM1287
SL1344_1223	STM1288
SL1344_1224	STM1289
SL1344_1225	STM1290
SL1344_1226	STM1291
SL1344_1227	STM1292
SL1344_1228	STM1293
SL1344_1229	STM1294
SL1344_1230	STM1295
SL1344_1231	STM1296
SL1344_1232	STM1297
SL1344_1233	STM1298
SL1344_1234	STM1299
SL1344_1235	STM1300
SL1344_1236	STM1301
SL1344_1237	STM1302
SL1344_1238	STM1303
SL1344_1239	STM1304
SL1344_1240	STM1305
SL1344_1241	STM1306
SL1344_1242	STM1307
SL1344_1243	STM1308
SL1344_1244	STM1309
SL1344_1245	STM1310
SL1344_1246	STM1311
SL1344_1247	STM1312
SL1344_1248	STM1313
SL1344_1249	STM1314
SL1344_1250	STM1315
SL1344_1251	STM1316
SL1344_1252	STM1317
SL1344_1253	STM1318
SL1344_1254	STM1319
SL1344_1255	STM1320
SL1344_1256	STM1321
SL1344_1257	STM1322
SL1344_1258	STM1323
SL1344_1259	STM1324
SL1344_1260	STM1325
SL1344_1261	STM1326
SL1344_1262	STM1327
SL1344_1263	STM1328
SL1344_1264	STM1329
SL1344_1265	STM1330
SL1344_1330A	STM1331
SL1344_1266	STM1332
SL1344_1267	STM1333
SL1344_1268	STM1334
SL1344_1269	STM1335
SL1344_1270	STM1336
SL1344_1271	STM1337
SL1344_1272	STM1338
SL1344_1273	STM1339
SL1344_1274	STM1340
SL1344_1275	STM1341
SL1344_1276	STM1342
SL1344_1277	STM1343
SL1344_1278	STM1344
SL1344_1279	STM1345
SL1344_1280	STM1346
SL1344_1281	STM1347
SL1344_1282	STM1348
SL1344_1283	STM1349
SL1344_1284	STM1350
SL1344_1285	STM1351
SL1344_1286	STM1352
SL1344_1287	STM1353
SL1344_1288	STM1354
SL1344_1289	STM1355
SL1344_1290	STM1356
SL1344_1291	STM1357
SL1344_1292	STM1358
SL1344_1293	STM1359
SL1344_1294	STM1360
SL1344_1296	STM1361
SL1344_1297	STM1362
SL1344_ncRNA_94	STM1363
SL1344_1298	STM1364
SL1344_1299	STM1365
SL1344_1300	STM1366
SL1344_1301	STM1367
SL1344_1302	STM1368
SL1344_1303	STM1369
SL1344_1304	STM1370
SL1344_1305	STM1371
SL1344_1306	STM1372
SL1344_1307	STM1373
SL1344_1308	STM1374
SL1344_1309	STM1375
SL1344_1310	STM1376
SL1344_1311	STM1377
SL1344_1312	STM1378
SL1344_1313	STM1379
SL1344_1314	STM1380
SL1344_1315	STM1381
SL1344_1316	STM1382
SL1344_1317	STM1383
SL1344_1318	STM1384
SL1344_1319	STM1385
SL1344_1320	STM1386
SL1344_1321	STM1387
SL1344_1322	STM1388
SL1344_1323	STM1389
SL1344_1324	STM1390
SL1344_1325	STM1391
SL1344_1326	STM1392
SL1344_1327	STM1393
SL1344_1328	STM1394
SL1344_1329	STM1395
SL1344_1330	STM1396
SL1344_1332	STM1398
SL1344_1333	STM1399
SL1344_1334	STM1400
SL1344_1335	STM1401
SL1344_1336	STM1402
SL1344_1337	STM1403
SL1344_1338	STM1404
SL1344_1339	STM1405
SL1344_1340	STM1406
SL1344_1341	STM1407
SL1344_1342	STM1408
SL1344_1343	STM1409
SL1344_1344	STM1410
SL1344_1345	STM1411
SL1344_1346	STM1412
SL1344_1347	STM1413
SL1344_1348	STM1414
SL1344_1349	STM1415
SL1344_1350	STM1416
SL1344_1351	STM1417
SL1344_1352	STM1418
SL1344_1353	STM1419
SL1344_1354	STM1420
SL1344_1355	STM1421
SL1344_1356	STM1422
SL1344_1357	STM1425
SL1344_1358	STM1426
SL1344_1359	STM1427
SL1344_1360	STM1428
SL1344_1361	STM1429
SL1344_1362	STM1430
SL1344_1363	STM1431
SL1344_1364	STM1432
SL1344_1365	STM1433
SL1344_1366	STM1434
SL1344_1367	STM1435
SL1344_1368	STM1436
SL1344_1369	STM1437
SL1344_1370	STM1438
SL1344_1371	STM1439
SL1344_1372	STM1440
SL1344_1373	STM1441
SL1344_1374	STM1442
SL1344_1375	STM1443
SL1344_1376	STM1444
SL1344_1377	STM1445
SL1344_1378	STM1446
SL1344_1379	STM1447
SL1344_1380	STM1448
SL1344_1381	STM1449
SL1344_1382	STM1450
SL1344_1383	STM1451
SL1344_1384	STM1452
SL1344_1385	STM1453
SL1344_1386	STM1454
SL1344_1387	STM1455
SL1344_1388	STM1456
SL1344_1389	STM1457
SL1344_1390	STM1458
SL1344_1391	STM1459
SL1344_1392	STM1460
SL1344_1393	STM1461
SL1344_1394	STM1462
SL1344_1395	STM1463
SL1344_1396	STM1466
SL1344_1397	STM1467
SL1344_1398	STM1468
SL1344_1400	STM1469
SL1344_1401	STM1470
SL1344_1402	STM1471
SL1344_1403	STM1472
SL1344_1404	STM1473
SL1344_1405	STM1475
SL1344_1406	STM1476
SL1344_1407	STM1477
SL1344_1408	STM1478
SL1344_1409	STM1479
SL1344_1410	STM1480
SL1344_1411	STM1481
SL1344_1412	STM1482
SL1344_1413	STM1483
SL1344_1414	STM1484
SL1344_1415	STM1485
SL1344_1416	STM1486
SL1344_1417	STM1487
SL1344_1418	STM1488
SL1344_1419	STM1489
SL1344_1420	STM1490
SL1344_1421	STM1491
SL1344_1422	STM1492
SL1344_1423	STM1493
SL1344_1424	STM1494
SL1344_1425	STM1495
SL1344_1426	STM1496
SL1344_1427	STM1497
SL1344_1428	STM1498
SL1344_1429	STM1499
SL1344_1430	STM1500
SL1344_1431	STM1501
SL1344_1432	STM1502
SL1344_1433	STM1503
SL1344_1434	STM1504
SL1344_1435	STM1505
SL1344_1436	STM1506
SL1344_1438	STM1508
SL1344_1439	STM1509
SL1344_1440	STM1510
SL1344_1441	STM1511
SL1344_1442	STM1512
SL1344_1443	STM1513
SL1344_1444	STM1514
SL1344_1445	STM1515
SL1344_1446	STM1516
SL1344_1447	STM1517
SL1344_1448	STM1518
SL1344_1449	STM1519
SL1344_1450	STM1520
SL1344_1451	STM1521
SL1344_1452	STM1522
SL1344_1453	STM1523
SL1344_1454	STM1524
SL1344_1455	STM1525
SL1344_1456	STM1526
SL1344_1457	STM1527
SL1344_1458	STM1528
SL1344_1459	STM1530
SL1344_1460	STM1531
SL1344_1461	STM1532
SL1344_1462	STM1533
SL1344_1463	STM1534
SL1344_1464	STM1535
SL1344_1465	STM1536
SL1344_1466	STM1537
SL1344_1467	STM1538
SL1344_1468	STM1539
SL1344_1469	STM1540
SL1344_1470	STM1541
SL1344_1471	STM1542
SL1344_1472	STM1543
SL1344_1473	STM1544
SL1344_1474	STM1545
SL1344_1475	STM1546
SL1344_1476	STM1547
SL1344_1477	STM1548
SL1344_1478	STM1549
SL1344_1479	STM1550
SL1344_1480	STM1551
SL1344_1482	STM1552
SL1344_1484	STM1554
SL1344_1485	STM1555
SL1344_1486	STM1556
SL1344_1487	STM1557
SL1344_1488	STM1558
SL1344_1489	STM1559
SL1344_1490	STM1560
SL1344_1491	STM1561
SL1344_1492	STM1562
SL1344_1493	STM1563
SL1344_1494	STM1564
SL1344_1495	STM1565
SL1344_1496	STM1566
SL1344_1497	STM1567
SL1344_1498	STM1568
SL1344_1499	STM1569
SL1344_1500	STM1570
SL1344_1502	STM1571
SL1344_1503	STM1572
SL1344_1504	STM1573
SL1344_1505	STM1574
SL1344_1506	STM1575
SL1344_1507	STM1576
SL1344_1508	STM1577
SL1344_1509	STM1578
SL1344_1510	STM1579
SL1344_1511	STM1580
SL1344_1512	STM1581
SL1344_1513	STM1582
SL1344_1514	STM1583
SL1344_1515	STM1584
SL1344_1516	STM1585
SL1344_1517	STM1586
SL1344_1518	STM1587
SL1344_1519	STM1588
SL1344_1520	STM1589
SL1344_1521	STM1590
SL1344_1522	STM1591
SL1344_1523	STM1592
SL1344_1524	STM1593
SL1344_1525	STM1594
SL1344_1526	STM1595
SL1344_1527	STM1596
SL1344_1528	STM1597
SL1344_1529	STM1598
SL1344_1530	STM1599
SL1344_1530A	STM1600
SL1344_1531	STM1601
SL1344_1532	STM1602
SL1344_1533	STM1603
SL1344_1534	STM1604
SL1344_1535	STM1605
SL1344_1536	STM1606
SL1344_1537	STM1607
SL1344_1538	STM1608
SL1344_1539	STM1609
SL1344_1540	STM1610
SL1344_1541	STM1611
SL1344_1542	STM1612
SL1344_1543	STM1613
SL1344_1544	STM1614
SL1344_1545	STM1615
SL1344_1546	STM1616
SL1344_1547	STM1617
SL1344_1548	STM1618
SL1344_1549	STM1619
SL1344_1550	STM1620
SL1344_1551	STM1621
SL1344_1552	STM1622
SL1344_1553	STM1623
SL1344_1554	STM1624
SL1344_1555	STM1625
SL1344_1556	STM1626
SL1344_1557	STM1627
SL1344_1558	STM1628
SL1344_1559	STM1629
SL1344_1560	STM1630
SL1344_1561	STM1631
SL1344_1562	STM1632
SL1344_1563	STM1633
SL1344_1564	STM1634
SL1344_1565	STM1635
SL1344_1566	STM1636
SL1344_1567	STM1637
SL1344_1568	STM1638
SL1344_1569	STM1639
SL1344_1570	STM1640
SL1344_1571	STM1641
SL1344_1572	STM1642
SL1344_1573	STM1643
SL1344_1574	STM1644
SL1344_1575	STM1645
SL1344_1576	STM1646
SL1344_1577	STM1647
SL1344_1578	STM1648
SL1344_1579	STM1649
SL1344_1580	STM1650
SL1344_1581	STM1651
SL1344_1582	STM1652
SL1344_1583	STM1653
SL1344_1585	STM1654
SL1344_1586	STM1655
SL1344_1587	STM1656
SL1344_1588	STM1657
SL1344_1589	STM1658
SL1344_1590	STM1659
SL1344_1591	STM1660
SL1344_1592	STM1661
SL1344_1593	STM1662
SL1344_1594	STM1663
SL1344_1595	STM1664
SL1344_1596	STM1665
SL1344_1597	STM1667
SL1344_1598	STM1668
SL1344_1599	STM1669
SL1344_1600	STM1670
SL1344_1601	STM1671
SL1344_1602	STM1672
SL1344_1603	STM1673
SL1344_1604	STM1674
SL1344_1605	STM1675
SL1344_1606	STM1676
SL1344_1607	STM1677
SL1344_1608	STM1678
SL1344_1609	STM1679
SL1344_1610	STM1680
SL1344_1611	STM1681
SL1344_1612	STM1682
SL1344_1613	STM1683
SL1344_1614	STM1684
SL1344_1615	STM1685
SL1344_1616	STM1686
SL1344_1617	STM1687
SL1344_1618	STM1688
SL1344_1619	STM1689
SL1344_1620	STM1690
SL1344_1621	STM1691
SL1344_1622	STM1692
SL1344_1623	STM1693
SL1344_1624	STM1694
SL1344_1625	STM1695
SL1344_1626	STM1696
SL1344_1627	STM1697
SL1344_1628	STM1698
SL1344_1629	STM1698A
SL1344_1630	STM1699
SL1344_1631	STM1700
SL1344_1632	STM1701
SL1344_1633	STM1702
SL1344_1634	STM1703
SL1344_1636	STM1704
SL1344_1637	STM1705
SL1344_1638	STM1706
SL1344_1639	STM1707
SL1344_1640	STM1708
SL1344_1641	STM1709
SL1344_1642	STM1710
SL1344_1643	STM1711
SL1344_1644	STM1712
SL1344_1645	STM1713
SL1344_1646	STM1714
SL1344_1647	STM1715
SL1344_1648	STM1716
SL1344_1649	STM1717
SL1344_1650	STM1718
SL1344_1651	STM1719
SL1344_1652	STM1720
SL1344_1653	STM1721
SL1344_1654	STM1723
SL1344_1655	STM1724
SL1344_1656	STM1725
SL1344_1657	STM1726
SL1344_1658	STM1727
SL1344_1659	STM1728
SL1344_1660	STM1729
SL1344_1661	STM1730
SL1344_1662	STM1731
SL1344_1663	STM1732
SL1344_1664	STM1733
SL1344_1665	STM1734
SL1344_1666	STM1735
SL1344_1667	STM1736
SL1344_1668	STM1737
SL1344_1669	STM1738
SL1344_1670	STM1739
SL1344_1671	STM1740
SL1344_1672	STM1741
SL1344_1673	STM1742
SL1344_1674	STM1743
SL1344_1675	STM1744
SL1344_1676	STM1745
SL1344_1677	STM1746
SL1344_1678	STM1747
SL1344_1679	STM1748
SL1344_1680	STM1749
SL1344_1681	STM1750
SL1344_1682	STM1751
SL1344_1683	STM1752
SL1344_1684	STM1753
SL1344_1685	STM1754
SL1344_1686	STM1755
SL1344_1687	STM1756
SL1344_1688	STM1760
SL1344_1689	STM1761
SL1344_1690	STM1762
SL1344_1691	STM1763
SL1344_1692	STM1764
SL1344_1693	STM1765
SL1344_1694	STM1766
SL1344_1695	STM1767
SL1344_1696	STM1768
SL1344_1697	STM1769
SL1344_1698	STM1770
SL1344_1699	STM1771
SL1344_1700	STM1772
SL1344_1701	STM1773
SL1344_1702	STM1774
SL1344_1703	STM1775
SL1344_1704	STM1776
SL1344_1705	STM1777
SL1344_1706	STM1778
SL1344_1707	STM1779
SL1344_1708	STM1780
SL1344_1709	STM1781
SL1344_1710	STM1782
SL1344_1711	STM1783
SL1344_1712	STM1784
SL1344_1713	STM1785
SL1344_1714	STM1786
SL1344_1715	STM1787
SL1344_1716	STM1788
SL1344_1717	STM1789
SL1344_1718	STM1790
SL1344_1719	STM1791
SL1344_1720	STM1792
SL1344_1721	STM1793
SL1344_1722	STM1794
SL1344_1723	STM1795
SL1344_1724	STM1796
SL1344_1725	STM1797
SL1344_1726	STM1798
SL1344_1727	STM1799
SL1344_1728	STM1800
SL1344_1729	STM1801
SL1344_1730	STM1802
SL1344_1731	STM1803
SL1344_1732	STM1804
SL1344_1733	STM1805
SL1344_1734	STM1806
SL1344_1735	STM1807
SL1344_1736	STM1808
SL1344_1737	STM1809
SL1344_1738	STM1810
SL1344_1739	STM1811
SL1344_1740	STM1812
SL1344_1741	STM1813
SL1344_1742	STM1814
SL1344_1743	STM1815
SL1344_1744	STM1816
SL1344_1745	STM1817
SL1344_1747	STM1818
SL1344_1748	STM1819
SL1344_1749	STM1820
SL1344_1750	STM1821
SL1344_1751	STM1822
SL1344_1752	STM1823
SL1344_1753	STM1824
SL1344_1754	STM1825
SL1344_1755	STM1826
SL1344_1756	STM1827
SL1344_1757	STM1828
SL1344_1759	STM1830
SL1344_1760	STM1831
SL1344_1761	STM1832
SL1344_1762	STM1833
SL1344_1763	STM1834
SL1344_1764	STM1835
SL1344_1765	STM1836
SL1344_1766	STM1837
SL1344_1767	STM1838
SL1344_1768	STM1839
SL1344_1769	STM1840
SL1344_1770	STM1841
SL1344_1771	STM1842
SL1344_1772	STM1843
SL1344_1773	STM1844
SL1344_1774	STM1845
SL1344_1775	STM1846
SL1344_1776	STM1847
SL1344_1777	STM1848
SL1344_1778	STM1849
SL1344_1779	STM1850
SL1344_1780	STM1851
SL1344_1781	STM1852
SL1344_1782	STM1853
SL1344_1783	STM1854
SL1344_1784	STM1855
SL1344_1785	STM1856
SL1344_1787	STM1857
SL1344_1788	STM1858
SL1344_1791	STM1861
SL1344_1793	STM1862
SL1344_1794	STM1863
SL1344_1795	STM1864
SL1344_1797	STM1866
SL1344_1799	STM1867
SL1344_1800	STM1868
SL1344_1802	STM1868A
SL1344_1803	STM1869
SL1344_1806	STM1871
SL1344_1807	STM1873
SL1344_1808	STM1874
SL1344_1809	STM1875
SL1344_1810	STM1876
SL1344_1811	STM1877
SL1344_1812	STM1878
SL1344_1813	STM1879
SL1344_1814	STM1880
SL1344_1815	STM1881
SL1344_1816	STM1882
SL1344_1817	STM1883
SL1344_1818	STM1884
SL1344_1819	STM1885
SL1344_1820	STM1886
SL1344_1821	STM1887
SL1344_1822	STM1888
SL1344_1823	STM1889
SL1344_1824	STM1890
SL1344_1825	STM1891
SL1344_1826	STM1892
SL1344_1827	STM1893
SL1344_1828	STM1894
SL1344_1829	STM1895
SL1344_1830	STM1896
SL1344_1832	STM1897
SL1344_1833	STM1898
SL1344_1834	STM1899
SL1344_1835	STM1900
SL1344_1836	STM1901
SL1344_1837	STM1902
SL1344_1838	STM1903
SL1344_1839	STM1904
SL1344_1840	STM1905
SL1344_1841	STM1906
SL1344_1842	STM1907
SL1344_1843	STM1908
SL1344_1844	STM1909
SL1344_1845	STM1910
SL1344_1846	STM1911
SL1344_1847	STM1912
SL1344_1848	STM1913
SL1344_1849	STM1914
SL1344_1850	STM1915
SL1344_1851	STM1916
SL1344_1852	STM1917
SL1344_1853	STM1918
SL1344_1854	STM1919
SL1344_1855	STM1920
SL1344_1856	STM1921
SL1344_1857	STM1922
SL1344_1858	STM1923
SL1344_1859	STM1924
SL1344_1860	STM1925
SL1344_1861	STM1927
SL1344_1862	STM1928
SL1344_1863	STM1929
SL1344_1864	STM1931
SL1344_1865	STM1932
SL1344_1866	STM1933
SL1344_1867	STM1934
SL1344_1868	STM1935
SL1344_1869	STM1936
SL1344_1870	STM1937
SL1344_1871	STM1938
SL1344_1872	STM1939
SL1344_1873	STM1940
SL1344_1874	STM1941
SL1344_1875	STM1945
SL1344_1876	STM1946
SL1344_1877	STM1947
SL1344_1878	STM1949
SL1344_1879	STM1950
SL1344_1880	STM1951
SL1344_1881	STM1952
SL1344_1882	STM1953
SL1344_1883	STM1954
SL1344_1884	STM1955
SL1344_1885	STM1956
SL1344_1887	STM1958
SL1344_1888	STM1959
SL1344_1889	STM1960
SL1344_1890	STM1961
SL1344_1891	STM1962
SL1344_1892	STM1963
SL1344_1893	STM1964
SL1344_1894	STM1965
SL1344_1895	STM1966
SL1344_1896	STM1967
SL1344_1897	STM1968
SL1344_1898	STM1969
SL1344_1899	STM1970
SL1344_1900	STM1971
SL1344_1901	STM1972
SL1344_1902	STM1973
SL1344_1903	STM1974
SL1344_1904	STM1975
SL1344_1905	STM1976
SL1344_1906	STM1977
SL1344_1907	STM1978
SL1344_1908	STM1979
SL1344_1909	STM1980
SL1344_1910	STM1981
SL1344_1911	STM1982
SL1344_1912	STM1983
SL1344_1913	STM1984
SL1344_ncRNA_127	STM1985
SL1344_1914	STM1986
SL1344_1915	STM1987
SL1344_1916	STM1988
SL1344_1917	STM1989
SL1344_1918	STM1990
SL1344_1919	STM1991
SL1344_1920	STM1992
SL1344_1921	STM1993
SL1344_1922	STM1994
SL1344_1923	STM1995
SL1344_1924	STM1996
SL1344_1925	STM1997
SL1344_1926	STM1998
SL1344_1927	STM1999
SL1344_1977	STM2001
SL1344_1978	STM2003
SL1344_1979	STM2005
SL1344_1981	STM2006
SL1344_1982	STM2007
SL1344_1983	STM2008
SL1344_1986	STM2009
SL1344_1987	STM2011
SL1344_1990	STM2013
SL1344_1991	STM2015
SL1344_1992	STM2016
SL1344_1993	STM2017
SL1344_1994	STM2018
SL1344_1995	STM2019
SL1344_1996	STM2020
SL1344_1997	STM2021
SL1344_1998	STM2022
SL1344_1999	STM2023
SL1344_2000	STM2024
SL1344_2001	STM2025
SL1344_2002	STM2026
SL1344_2003	STM2027
SL1344_2004	STM2028
SL1344_2005	STM2029
SL1344_2006	STM2030
SL1344_2007	STM2031
SL1344_2008	STM2032
SL1344_2009	STM2033
SL1344_2010	STM2034
SL1344_2011	STM2035
SL1344_2012	STM2036
SL1344_2013	STM2037
SL1344_2014	STM2038
SL1344_2015	STM2039
SL1344_2016	STM2040
SL1344_2017	STM2041
SL1344_2018	STM2042
SL1344_2019	STM2043
SL1344_2020	STM2044
SL1344_2021	STM2045
SL1344_2022	STM2046
SL1344_2023	STM2047
SL1344_2024	STM2048
SL1344_2025	STM2049
SL1344_2026	STM2050
SL1344_2027	STM2051
SL1344_2028	STM2052
SL1344_2029	STM2053
SL1344_2030	STM2054
SL1344_2031	STM2055
SL1344_2032	STM2056
SL1344_2033	STM2057
SL1344_2034	STM2058
SL1344_2035	STM2059
SL1344_2036	STM2060
SL1344_2037	STM2061
SL1344_2038	STM2062
SL1344_2039	STM2063
SL1344_2040	STM2064
SL1344_2041	STM2065
SL1344_2043	STM2066
SL1344_2044	STM2067
SL1344_2045	STM2068
SL1344_2046	STM2069
SL1344_2047	STM2070
SL1344_2048	STM2071
SL1344_2049	STM2072
SL1344_2050	STM2073
SL1344_2051	STM2074
SL1344_2052	STM2075
SL1344_2053	STM2076
SL1344_2054	STM2077
SL1344_2055	STM2078
SL1344_2056	STM2079
SL1344_2057	STM2080
SL1344_2058	STM2081
SL1344_2059	STM2082
SL1344_2060	STM2083
SL1344_2061	STM2084
SL1344_2062	STM2085
SL1344_2063	STM2086
SL1344_2064	STM2087
SL1344_2065	STM2088
SL1344_2066	STM2089
SL1344_2067	STM2090
SL1344_2068	STM2091
SL1344_2069	STM2092
SL1344_2070	STM2093
SL1344_2071	STM2094
SL1344_2072	STM2095
SL1344_2073	STM2096
SL1344_2074	STM2097
SL1344_2075	STM2098
SL1344_2076	STM2099
SL1344_2077	STM2100
SL1344_2078	STM2101
SL1344_2079	STM2102
SL1344_2080	STM2103
SL1344_2081	STM2104
SL1344_2082	STM2105
SL1344_2083	STM2106
SL1344_2085	STM2108
SL1344_2086	STM2109
SL1344_2087	STM2110
SL1344_2088	STM2111
SL1344_2089	STM2112
SL1344_2090	STM2113
SL1344_2091	STM2114
SL1344_2092	STM2115
SL1344_2093	STM2116
SL1344_2094	STM2117
SL1344_2095	STM2118
SL1344_2096	STM2119
SL1344_2097	STM2120
SL1344_2098	STM2121
SL1344_2099	STM2122
SL1344_2100	STM2123
SL1344_2101	STM2124
SL1344_2102	STM2125
SL1344_2103	STM2126
SL1344_2104	STM2127
SL1344_2105	STM2128
SL1344_2106	STM2129
SL1344_2107	STM2130
SL1344_2108	STM2131
SL1344_2109	STM2133
SL1344_2110	STM2134
SL1344_2111	STM2135
SL1344_2112	STM2136
SL1344_2113	STM2137
SL1344_2114	STM2138
SL1344_2115	STM2139
SL1344_2117	STM2140
SL1344_2118	STM2141
SL1344_2119	STM2142
SL1344_2120	STM2143
SL1344_2121	STM2144
SL1344_2122	STM2145
SL1344_2123	STM2146
SL1344_2124	STM2147
SL1344_2125	STM2148
SL1344_2126	STM2149
SL1344_2127	STM2150
SL1344_2128	STM2151
SL1344_2129	STM2152
SL1344_2130	STM2153
SL1344_2131	STM2154
SL1344_2132	STM2155
SL1344_2133	STM2156
SL1344_2134	STM2156A
SL1344_2135	STM2157
SL1344_2136	STM2158
SL1344_2137	STM2159
SL1344_2138	STM2160
SL1344_2139	STM2161
SL1344_2140	STM2162
SL1344_2141	STM2163
SL1344_2142	STM2164
SL1344_2143	STM2165
SL1344_2144	STM2166
SL1344_2145	STM2167
SL1344_2146	STM2168
SL1344_2147	STM2169
SL1344_2148	STM2170
SL1344_2149	STM2171
SL1344_2150	STM2172
SL1344_2151	STM2174
SL1344_2152	STM2175
SL1344_2153	STM2176
SL1344_2154	STM2177
SL1344_2155	STM2178
SL1344_2156	STM2179
SL1344_2157	STM2180
SL1344_2158	STM2181
SL1344_2159	STM2182
SL1344_2160	STM2183
SL1344_2161	STM2184
SL1344_2162	STM2185
SL1344_2163	STM2186
SL1344_2164	STM2187
SL1344_2165	STM2188
SL1344_2166	STM2189
SL1344_2167	STM2190
SL1344_2168	STM2191
SL1344_2169	STM2192
SL1344_2170	STM2193
SL1344_2171	STM2194
SL1344_2172	STM2195
SL1344_2173	STM2196
SL1344_2174	STM2197
SL1344_2175	STM2198
SL1344_2176	STM2199
SL1344_2177	STM2200
SL1344_2178	STM2201
SL1344_2179	STM2202
SL1344_2180	STM2203
SL1344_2181	STM2204
SL1344_2182	STM2205
SL1344_2183	STM2206
SL1344_2184	STM2207
SL1344_2185	STM2208
SL1344_2186	STM2209
SL1344_2188	STM2211
SL1344_2189	STM2212
SL1344_2190	STM2213
SL1344_2191	STM2214
SL1344_2192	STM2215
SL1344_2193	STM2216
SL1344_2194	STM2217
SL1344_2195	STM2218
SL1344_2196	STM2219
SL1344_2197	STM2220
SL1344_2198	STM2221
SL1344_2199	STM2222
SL1344_2200	STM2223
SL1344_2201	STM2224
SL1344_2202	STM2225
SL1344_2203	STM2226
SL1344_2204	STM2227
SL1344_2205	STM2228
SL1344_2206	STM2230
SL1344_2207	STM2231
SL1344_2208	STM2232
SL1344_2209	STM2233
SL1344_2210	STM2234
SL1344_2211	STM2235
SL1344_2212	STM2236
SL1344_2213	STM2237
SL1344_2214	STM2238
SL1344_2215	STM2239
SL1344_2216	STM2240
SL1344_2217	STM2241
SL1344_2218	STM2242
SL1344_2219	STM2243
SL1344_2220	STM2244
SL1344_2221	STM2245
SL1344_2222	STM2246
SL1344_2223	STM2247
SL1344_2223A	STM2248
SL1344_2223B	STM2249
SL1344_2223C	STM2250
SL1344_2223D	STM2251
SL1344_2223E	STM2252
SL1344_2223F	STM2253
SL1344_2224	STM2254
SL1344_2225	STM2255
SL1344_2226	STM2256
SL1344_2227	STM2257
SL1344_2228	STM2258
SL1344_2229	STM2259
SL1344_2230	STM2260
SL1344_2231	STM2261
SL1344_2232	STM2262
SL1344_2233	STM2263
SL1344_2234	STM2264
SL1344_2235	STM2265
SL1344_2236	STM2266
SL1344_2237	STM2267
SL1344_2238	STM2269
SL1344_2239	STM2270
SL1344_2240	STM2271
SL1344_2241	STM2272
SL1344_2242	STM2273
SL1344_2243	STM2274
SL1344_2244	STM2275
SL1344_2245	STM2276
SL1344_2246	STM2277
SL1344_2247	STM2278
SL1344_2248	STM2279
SL1344_2249	STM2280
SL1344_2250	STM2281
SL1344_2251	STM2282
SL1344_2252	STM2283
SL1344_2253	STM2284
SL1344_2254	STM2285
SL1344_2255	STM2286
SL1344_2256	STM2287
SL1344_2257	STM2288
SL1344_2258	STM2289
SL1344_2259	STM2290
SL1344_2260	STM2291
SL1344_2261	STM2292
SL1344_2262	STM2293
SL1344_2263	STM2294
SL1344_2264	STM2295
SL1344_2265	STM2296
SL1344_2266	STM2297
SL1344_2267	STM2298
SL1344_2268	STM2299
SL1344_2269	STM2300
SL1344_2270	STM2301
SL1344_2271	STM2302
SL1344_2272	STM2303
SL1344_2273	STM2304
SL1344_2274	STM2305
SL1344_2275	STM2306
SL1344_2276	STM2307
SL1344_2277	STM2308
SL1344_2278	STM2309
SL1344_2279	STM2310
SL1344_2280	STM2311
SL1344_2281	STM2312
SL1344_2282	STM2313
SL1344_2283	STM2314
SL1344_2284	STM2315
SL1344_2285	STM2316
SL1344_2286	STM2317
SL1344_2287	STM2318
SL1344_2288	STM2319
SL1344_2289	STM2320
SL1344_2290	STM2321
SL1344_2291	STM2322
SL1344_2292	STM2323
SL1344_2293	STM2324
SL1344_2294	STM2325
SL1344_2295	STM2326
SL1344_2296	STM2327
SL1344_2297	STM2328
SL1344_2298	STM2329
SL1344_2299	STM2330
SL1344_2300	STM2331
SL1344_2301	STM2332
SL1344_2302	STM2333
SL1344_2303	STM2334
SL1344_2304	STM2335
SL1344_2305	STM2336
SL1344_2306	STM2337
SL1344_2307	STM2338
SL1344_2308	STM2339
SL1344_2309	STM2340
SL1344_2310	STM2341
SL1344_2311	STM2342
SL1344_2312	STM2343
SL1344_2313	STM2344
SL1344_2314	STM2345
SL1344_2315	STM2346
SL1344_2316	STM2347
SL1344_2317	STM2348
SL1344_2318	STM2349
SL1344_2319	STM2350
SL1344_2320	STM2351
SL1344_2321	STM2352
SL1344_2322	STM2353
SL1344_2323	STM2354
SL1344_2324	STM2355
SL1344_2325	STM2356
SL1344_2326	STM2357
SL1344_2327	STM2358
SL1344_2328	STM2359
SL1344_2329	STM2360
SL1344_2330	STM2361
SL1344_2331	STM2362
SL1344_2332	STM2363
SL1344_2333	STM2364
SL1344_2334	STM2365
SL1344_2335	STM2366
SL1344_2336	STM2367
SL1344_2337	STM2368
SL1344_2338	STM2369
SL1344_2339	STM2370
SL1344_2340	STM2371
SL1344_2341	STM2372
SL1344_2342	STM2373
SL1344_2343	STM2374
SL1344_2344	STM2375
SL1344_2345	STM2376
SL1344_2346	STM2377
SL1344_2347	STM2378
SL1344_2348	STM2379
SL1344_2349	STM2380
SL1344_2350	STM2381
SL1344_2351	STM2382
SL1344_2352	STM2383
SL1344_2353	STM2384
SL1344_2354	STM2385
SL1344_2355	STM2386
SL1344_2356	STM2387
SL1344_2357	STM2388
SL1344_2358	STM2389
SL1344_2359	STM2390
SL1344_2360	STM2391
SL1344_2361	STM2392
SL1344_2362	STM2393
SL1344_2363	STM2395
SL1344_2364	STM2396
SL1344_2365	STM2397
SL1344_2366	STM2398
SL1344_2367	STM2399
SL1344_2368	STM2400
SL1344_2369	STM2401
SL1344_2370	STM2402
SL1344_2371	STM2403
SL1344_2372	STM2404
SL1344_2373	STM2405
SL1344_2374	STM2406
SL1344_2375	STM2407
SL1344_2376	STM2408
SL1344_2377	STM2409
SL1344_2378	STM2410
SL1344_2379	STM2413
SL1344_2380	STM2414
SL1344_2381	STM2415
SL1344_2382	STM2420
SL1344_2384	STM2421
SL1344_2385	STM2422
SL1344_2386	STM2423
SL1344_2387	STM2424
SL1344_2388	STM2425
SL1344_2389	STM2426
SL1344_2390	STM2427
SL1344_2391	STM2428
SL1344_2392	STM2429
SL1344_2393	STM2430
SL1344_2394	STM2431
SL1344_2395	STM2432
SL1344_2396	STM2433
SL1344_2397	STM2434
SL1344_2398	STM2435
SL1344_2399	STM2436
SL1344_2400	STM2437
SL1344_2401	STM2438
SL1344_2402	STM2439
SL1344_2403	STM2440
SL1344_2404	STM2441
SL1344_2405	STM2442
SL1344_2406	STM2443
SL1344_2407	STM2444
SL1344_2408	STM2445
SL1344_2409	STM2446
SL1344_2410	STM2447
SL1344_2411	STM2448
SL1344_2412	STM2449
SL1344_2413	STM2450
SL1344_2414	STM2451
SL1344_2415	STM2452
SL1344_2416	STM2453
SL1344_2417	STM2454
SL1344_2418	STM2455
SL1344_2419	STM2456
SL1344_2420	STM2457
SL1344_2421	STM2458
SL1344_2422	STM2459
SL1344_2423	STM2460
SL1344_2424	STM2461
SL1344_2425	STM2462
SL1344_2426	STM2463
SL1344_2427	STM2464
SL1344_2428	STM2465
SL1344_2429	STM2466
SL1344_2430	STM2467
SL1344_2431	STM2468
SL1344_2432	STM2469
SL1344_2433	STM2470
SL1344_2434	STM2471
SL1344_2435	STM2472
SL1344_2436	STM2473
SL1344_2437	STM2474
SL1344_2438	STM2475
SL1344_2439	STM2476
SL1344_2440	STM2477
SL1344_2441	STM2478
SL1344_2442	STM2479
SL1344_2443	STM2480
SL1344_2444	STM2481
SL1344_2445	STM2482
SL1344_2446	STM2483
SL1344_2447	STM2484
SL1344_2448	STM2485
SL1344_2449	STM2486
SL1344_2450	STM2487
SL1344_2451	STM2488
SL1344_2452	STM2489
SL1344_2453	STM2490
SL1344_2454	STM2491
SL1344_2455	STM2492
SL1344_2456	STM2493
SL1344_2457	STM2494
SL1344_2458	STM2495
SL1344_2459	STM2496
SL1344_2460	STM2497
SL1344_2461	STM2498
SL1344_2462	STM2499
SL1344_2463	STM2500
SL1344_2464	STM2501
SL1344_2465	STM2502
SL1344_2466	STM2503
SL1344_2467	STM2505
SL1344_2468	STM2506
SL1344_2469	STM2508
SL1344_2470	STM2509
SL1344_2471	STM2510
SL1344_2472	STM2511
SL1344_2473	STM2512
SL1344_2474	STM2513
SL1344_2475	STM2514
SL1344_2477	STM2515
SL1344_2478	STM2516
SL1344_2479	STM2517
SL1344_2480	STM2518
SL1344_2481	STM2519
SL1344_2482	STM2520
SL1344_2483	STM2521
SL1344_2484	STM2522
SL1344_2485	STM2523
SL1344_2486	STM2524
SL1344_2487	STM2525
SL1344_2488	STM2526
SL1344_2489	STM2527
SL1344_2490	STM2528
SL1344_2491	STM2529
SL1344_2492	STM2530
SL1344_2493	STM2531
SL1344_2494	STM2532
SL1344_2495	STM2533
SL1344_2496	STM2534
SL1344_2497	STM2535
SL1344_2498	STM2536
SL1344_2499	STM2537
SL1344_2500	STM2538
SL1344_2501	STM2539
SL1344_2502	STM2540
SL1344_2503	STM2541
SL1344_2504	STM2542
SL1344_2505	STM2543
SL1344_2506	STM2544
SL1344_2507	STM2545
SL1344_2508	STM2546
SL1344_2509	STM2547
SL1344_2510	STM2548
SL1344_2511	STM2549
SL1344_2512	STM2550
SL1344_2513	STM2551
SL1344_2514	STM2552
SL1344_2515	STM2553
SL1344_2516	STM2554
SL1344_2517	STM2555
SL1344_2518	STM2556
SL1344_2519	STM2557
SL1344_2520	STM2558
SL1344_2521	STM2559
SL1344_2522	STM2560
SL1344_2523	STM2561
SL1344_2524	STM2562
SL1344_2525	STM2563
SL1344_2526	STM2564
SL1344_2527	STM2565
SL1344_2529	STM2567
SL1344_2530	STM2568
SL1344_2531	STM2569
SL1344_2532	STM2570
SL1344_2533	STM2571
SL1344_2534	STM2572
SL1344_2535	STM2573
SL1344_2536	STM2574
SL1344_2537	STM2575
SL1344_2538	STM2576
SL1344_2539	STM2577
SL1344_2540	STM2578
SL1344_2541	STM2579
SL1344_2542	STM2580
SL1344_2543	STM2581
SL1344_2544	STM2582
SL1344_2545	STM2583
SL1344_2546	STM2584
SL1344_2547	STM2585
SL1344_2549	STM2585A
SL1344_2550	STM2586
SL1344_2551	STM2587
SL1344_2552	STM2588
SL1344_2553	STM2589
SL1344_2554	STM2590
SL1344_2555	STM2591
SL1344_2556	STM2592
SL1344_2557	STM2593
SL1344_2558	STM2594
SL1344_2559	STM2595
SL1344_2560	STM2596
SL1344_2561	STM2597
SL1344_2562	STM2598
SL1344_2563	STM2599
SL1344_2564	STM2600
SL1344_2565	STM2601
SL1344_2566	STM2602
SL1344_2567	STM2603
SL1344_2568	STM2604
SL1344_2569	STM2605
SL1344_2570	STM2606
SL1344_2571	STM2607
SL1344_2572	STM2608
SL1344_2573	STM2609
SL1344_2574	STM2610
SL1344_2575	STM2611
SL1344_2576	STM2612
SL1344_2577	STM2614
SL1344_2578	STM2616
SL1344_2579	STM2617
SL1344_2580	STM2618
SL1344_2581	STM2619
SL1344_2582	STM2620
SL1344_0948	STM2630
SL1344_2598	STM2634
SL1344_2599	STM2635
SL1344_2600	STM2636
SL1344_2601	STM2637
SL1344_2602	STM2638
SL1344_2603	STM2639
SL1344_2604	STM2640
SL1344_2605	STM2641
SL1344_2606	STM2642
SL1344_2607	STM2643
SL1344_2608	STM2644
SL1344_2609	STM2645
SL1344_2610	STM2646
SL1344_2611	STM2647
SL1344_2612	STM2648
SL1344_2613	STM2649
SL1344_2614	STM2650
SL1344_2615	STM2651
SL1344_2616	STM2652
SL1344_2617	STM2653
SL1344_2618	STM2654
SL1344_2619	STM2655
SL1344_2620	STM2660
SL1344_2621	STM2661
SL1344_2622	STM2662
SL1344_2623	STM2663
SL1344_2624	STM2665
SL1344_2625	STM2667
SL1344_2626	STM2668
SL1344_2627	STM2669
SL1344_2628	STM2670
SL1344_2629	STM2671
SL1344_2630	STM2672
SL1344_2646	STM2673
SL1344_2647	STM2674
SL1344_2648	STM2675
SL1344_2649	STM2676
SL1344_2650	STM2677
SL1344_2651	STM2678
SL1344_2652	STM2679
SL1344_2653	STM2680
SL1344_2654	STM2681
SL1344_2655	STM2683
SL1344_2656	STM2684
SL1344_2657	STM2685
SL1344_2658	STM2686
SL1344_2659	STM2687
SL1344_2660	STM2688
SL1344_2661	STM2689
SL1344_2662	STM2690
SL1344_2663	STM2691
SL1344_2664	STM2692
SL1344_2665	STM2694
SL1344_2666	STM2695
SL1344_2667	STM2696
SL1344_2668	STM2697
SL1344_2669	STM2698
SL1344_2670	STM2699
SL1344_2671	STM2700
SL1344_2672	STM2701
SL1344_2677	STM2707
SL1344_2678	STM2708
SL1344_2680	STM2710
SL1344_2682	STM2712
SL1344_2684	STM2714
SL1344_2686	STM2715
SL1344_2687	STM2716
SL1344_2688	STM2717
SL1344_2689	STM2718
SL1344_2690	STM2719
SL1344_2691	STM2720
SL1344_2692	STM2721
SL1344_2693	STM2722
SL1344_2725	STM2741
SL1344_2726	STM2742
SL1344_2727	STM2743
SL1344_2728	STM2744
SL1344_2729	STM2745
SL1344_2730	STM2746
SL1344_2731	STM2747
SL1344_2732	STM2748
SL1344_2733	STM2749
SL1344_2734	STM2750
SL1344_2735	STM2751
SL1344_2736	STM2752
SL1344_2737	STM2753
SL1344_2738	STM2754
SL1344_2739	STM2755
SL1344_2740	STM2756
SL1344_2741	STM2757
SL1344_2742	STM2758
SL1344_2743	STM2759
SL1344_2744	STM2760
SL1344_2745	STM2761
SL1344_2746	STM2762
SL1344_2750	STM2765
SL1344_2751	STM2766
SL1344_2752	STM2767
SL1344_2753	STM2768
SL1344_2754	STM2769
SL1344_2755	STM2770
SL1344_2756	STM2771
SL1344_2757	STM2772
SL1344_2758	STM2773
SL1344_2759	STM2774
SL1344_2760	STM2775
SL1344_2761	STM2776
SL1344_2762	STM2777
SL1344_2763	STM2780
SL1344_2764	STM2781
SL1344_2765	STM2782
SL1344_2767	STM2783
SL1344_2768	STM2784
SL1344_2769	STM2785
SL1344_2770	STM2786
SL1344_2771	STM2787
SL1344_2772	STM2788
SL1344_2773	STM2789
SL1344_2774	STM2790
SL1344_2775	STM2791
SL1344_2776	STM2792
SL1344_2777	STM2793
SL1344_2778	STM2794
SL1344_2779	STM2795
SL1344_2780	STM2796
SL1344_2781	STM2797
SL1344_2782	STM2798
SL1344_2783	STM2799
SL1344_2784	STM2800
SL1344_2785	STM2801
SL1344_2786	STM2802
SL1344_2787	STM2803
SL1344_2788	STM2804
SL1344_2790	STM2805
SL1344_2791	STM2806
SL1344_2792	STM2807
SL1344_2793	STM2808
SL1344_2794	STM2809
SL1344_2795	STM2810
SL1344_2796	STM2811
SL1344_2797	STM2812
SL1344_2798	STM2813
SL1344_2799	STM2814
SL1344_2800	STM2815
SL1344_2801	STM2816
SL1344_2802	STM2817
SL1344_2803	STM2818
SL1344_2804	STM2819
SL1344_2805	STM2820
SL1344_2806	STM2826
SL1344_2807	STM2827
SL1344_2808	STM2828
SL1344_2809	STM2829
SL1344_2810	STM2830
SL1344_2811	STM2831
SL1344_2812	STM2832
SL1344_2813	STM2833
SL1344_2814	STM2834
SL1344_2815	STM2835
SL1344_2816	STM2836
SL1344_2817	STM2837
SL1344_2818	STM2838
SL1344_2819	STM2839
SL1344_2820	STM2840
SL1344_2821	STM2841
SL1344_2822	STM2842
SL1344_2823	STM2843
SL1344_2824	STM2844
SL1344_2825	STM2845
SL1344_2826	STM2846
SL1344_2827	STM2847
SL1344_2828	STM2848
SL1344_2829	STM2849
SL1344_2830	STM2850
SL1344_2831	STM2851
SL1344_2832	STM2852
SL1344_2833	STM2853
SL1344_2834	STM2854
SL1344_2835	STM2855
SL1344_2836	STM2856
SL1344_2837	STM2857
SL1344_2838	STM2858
SL1344_2839	STM2859
SL1344_2840	STM2860
SL1344_2841	STM2861
SL1344_2842	STM2862
SL1344_2843	STM2863
SL1344_2844	STM2864
SL1344_2845	STM2865
SL1344_2846	STM2866
SL1344_2847	STM2867
SL1344_2848	STM2868
SL1344_2849	STM2869
SL1344_2850	STM2870
SL1344_2851	STM2871
SL1344_2852	STM2872
SL1344_2853	STM2873
SL1344_2854	STM2874
SL1344_2855	STM2875
SL1344_2856	STM2876
SL1344_2857	STM2877
SL1344_2858	STM2878
SL1344_2859	STM2879
SL1344_2860	STM2881
SL1344_2861	STM2882
SL1344_2862	STM2883
SL1344_2863	STM2884
SL1344_2864	STM2885
SL1344_2865	STM2886
SL1344_2866	STM2887
SL1344_2867	STM2888
SL1344_2868	STM2889
SL1344_2869	STM2890
SL1344_2870	STM2891
SL1344_2871	STM2892
SL1344_2872	STM2893
SL1344_2873	STM2894
SL1344_2874	STM2895
SL1344_2875	STM2896
SL1344_2876	STM2897
SL1344_2877	STM2898
SL1344_2878	STM2899
SL1344_2879	STM2900
SL1344_2880	STM2901
SL1344_2881	STM2902
SL1344_2882	STM2903
SL1344_2884	STM2904
SL1344_2885	STM2905
SL1344_2886	STM2907
SL1344_2887	STM2908
SL1344_2888	STM2909
SL1344_2889	STM2910
SL1344_2890	STM2911
SL1344_2891	STM2912
SL1344_2892	STM2913
SL1344_2893	STM2914
SL1344_2894	STM2915
SL1344_2895	STM2916
SL1344_2896	STM2917
SL1344_2897	STM2918
SL1344_2898	STM2919
SL1344_2899	STM2920
SL1344_2900	STM2921
SL1344_2901	STM2922
SL1344_2902	STM2923
SL1344_2903	STM2924
SL1344_2904	STM2925
SL1344_2905	STM2926
SL1344_2906	STM2927
SL1344_2907	STM2928
SL1344_2908	STM2929
SL1344_2909	STM2930
SL1344_2910	STM2931
SL1344_2911	STM2932
SL1344_2912	STM2933
SL1344_2913	STM2934
SL1344_2914	STM2935
SL1344_2915	STM2936
SL1344_2916	STM2937
SL1344_2917	STM2938
SL1344_2918	STM2939
SL1344_2919	STM2940
SL1344_2920	STM2941
SL1344_2921	STM2942
SL1344_2922	STM2943
SL1344_2923	STM2944
SL1344_2924	STM2945
SL1344_2925	STM2946
SL1344_2926	STM2947
SL1344_2927	STM2948
SL1344_2928	STM2949
SL1344_2929	STM2950
SL1344_2930	STM2951
SL1344_2931	STM2952
SL1344_2932	STM2953
SL1344_2933	STM2954
SL1344_2936	STM2955
SL1344_2937	STM2956
SL1344_2938	STM2957
SL1344_2939	STM2958
SL1344_2940	STM2959
SL1344_2941	STM2960
SL1344_2942	STM2961
SL1344_2943	STM2962
SL1344_2944	STM2963
SL1344_2945	STM2964
SL1344_2946	STM2965
SL1344_ncRNA_191	STM2966
SL1344_2947	STM2967
SL1344_2948	STM2968
SL1344_2949	STM2969
SL1344_2950	STM2970
SL1344_2951	STM2971
SL1344_2952	STM2972
SL1344_2953	STM2973
SL1344_2954	STM2974
SL1344_2955	STM2975
SL1344_2956	STM2976
SL1344_2957	STM2977
SL1344_2958	STM2978
SL1344_2959	STM2979
SL1344_2960	STM2980
SL1344_2961	STM2981
SL1344_2962	STM2982
SL1344_2963	STM2983
SL1344_2964	STM2984
SL1344_2965	STM2985
SL1344_2966	STM2986
SL1344_2967	STM2987
SL1344_2968	STM2988
SL1344_2969	STM2991
SL1344_2970	STM2992
SL1344_2971	STM2993
SL1344_2972	STM2994
SL1344_2973	STM2995
SL1344_2974	STM2996
SL1344_2975	STM2997
SL1344_2976	STM2998
SL1344_2977	STM2999
SL1344_2978	STM3000
SL1344_2979	STM3001
SL1344_2980	STM3002
SL1344_2981	STM3003
SL1344_2982	STM3004
SL1344_2983	STM3005
SL1344_2984	STM3006
SL1344_2985	STM3007
SL1344_2986	STM3008
SL1344_2987	STM3009
SL1344_2988	STM3010
SL1344_2989	STM3011
SL1344_2990	STM3012
SL1344_2991	STM3013
SL1344_2992	STM3014
SL1344_2993	STM3015
SL1344_2994	STM3016
SL1344_2995	STM3017
SL1344_2996	STM3018
SL1344_2997	STM3019
SL1344_2998	STM3020
SL1344_2999	STM3021
SL1344_3000	STM3022
SL1344_3001	STM3023
SL1344_3002	STM3024
SL1344_3003	STM3025
SL1344_3005	STM3026
SL1344_3006	STM3027
SL1344_3007	STM3028
SL1344_3008	STM3029
SL1344_3009	STM3030
SL1344_3010	STM3031
SL1344_3011	STM3033
SL1344_3012	STM3034
SL1344_3013	STM3036
SL1344_3014	STM3038
SL1344_3015	STM3039
SL1344_3016	STM3040
SL1344_3017	STM3041
SL1344_3018	STM3042
SL1344_3019	STM3043
SL1344_3020	STM3044
SL1344_3021	STM3045
SL1344_3022	STM3046
SL1344_3023	STM3047
SL1344_3024	STM3048
SL1344_3025	STM3049
SL1344_3026	STM3050
SL1344_3027	STM3051
SL1344_3028	STM3052
SL1344_3029	STM3053
SL1344_3030	STM3054
SL1344_3031	STM3055
SL1344_3032	STM3056
SL1344_3033	STM3057
SL1344_3034	STM3058
SL1344_3035	STM3059
SL1344_3036	STM3060
SL1344_3037	STM3061
SL1344_3038	STM3062
SL1344_3039	STM3063
SL1344_3040	STM3064
SL1344_3041	STM3065
SL1344_3042	STM3066
SL1344_3043	STM3067
SL1344_3044	STM3068
SL1344_3045	STM3069
SL1344_3046	STM3070
SL1344_3047	STM3071
SL1344_3048	STM3072
SL1344_3049	STM3073
SL1344_3050	STM3074
SL1344_3051	STM3075
SL1344_3052	STM3076
SL1344_3053	STM3077
SL1344_3054	STM3078
SL1344_3055	STM3079
SL1344_3056	STM3080
SL1344_3057	STM3081
SL1344_3058	STM3082
SL1344_3059	STM3083
SL1344_3060	STM3084
SL1344_3061	STM3085
SL1344_3062	STM3086
SL1344_3063	STM3087
SL1344_3064	STM3089
SL1344_3065	STM3090
SL1344_3066	STM3091
SL1344_3067	STM3092
SL1344_3068	STM3093
SL1344_3069	STM3094
SL1344_3070	STM3095
SL1344_3071	STM3096
SL1344_3072	STM3097
SL1344_3073	STM3098
SL1344_3074	STM3099
SL1344_3075	STM3100
SL1344_3076	STM3101
SL1344_3077	STM3102
SL1344_3078	STM3103
SL1344_3079	STM3104
SL1344_3080	STM3105
SL1344_3081	STM3106
SL1344_3082	STM3107
SL1344_3083	STM3108
SL1344_3084	STM3109
SL1344_3085	STM3110
SL1344_3086	STM3111
SL1344_3087	STM3112
SL1344_3088	STM3113
SL1344_3089	STM3114
SL1344_3090	STM3115
SL1344_3091	STM3117
SL1344_3092	STM3118
SL1344_3093	STM3119
SL1344_3094	STM3120
SL1344_3095	STM3121
SL1344_3096	STM3122
SL1344_3097	STM3123
SL1344_3098	STM3124
SL1344_3099	STM3125
SL1344_3100	STM3126
SL1344_3101	STM3127
SL1344_3102	STM3128
SL1344_3103	STM3129
SL1344_3104	STM3130
SL1344_3105	STM3131
SL1344_3106	STM3132
SL1344_3107	STM3133
SL1344_3108	STM3134
SL1344_3109	STM3135
SL1344_3110	STM3136
SL1344_3111	STM3137
SL1344_3112	STM3138
SL1344_3113	STM3139
SL1344_3114	STM3140
SL1344_3115	STM3141
SL1344_3116	STM3142
SL1344_3117	STM3143
SL1344_3118	STM3144
SL1344_3119	STM3145
SL1344_3120	STM3146
SL1344_3121	STM3147
SL1344_3122	STM3148
SL1344_3123	STM3149
SL1344_3124	STM3150
SL1344_3125	STM3151
SL1344_3126	STM3152
SL1344_3127	STM3153
SL1344_3128	STM3154
SL1344_3129	STM3155
SL1344_3130	STM3156
SL1344_3131	STM3157
SL1344_3132	STM3158
SL1344_3133	STM3159
SL1344_3134	STM3160
SL1344_3135	STM3161
SL1344_3136	STM3162
SL1344_3137	STM3163
SL1344_3138	STM3164
SL1344_3139	STM3165
SL1344_3140	STM3166
SL1344_3141	STM3167
SL1344_3142	STM3168
SL1344_3143	STM3169
SL1344_3144	STM3170
SL1344_3145	STM3171
SL1344_3146	STM3172
SL1344_3147	STM3173
SL1344_3148	STM3174
SL1344_3149	STM3175
SL1344_3150	STM3176
SL1344_3151	STM3177
SL1344_3152	STM3178
SL1344_3153	STM3179
SL1344_3154	STM3180
SL1344_3155	STM3181
SL1344_3156	STM3182
SL1344_3157	STM3183
SL1344_3158	STM3184
SL1344_3159	STM3185
SL1344_3160	STM3186
SL1344_3161	STM3187
SL1344_3162	STM3188
SL1344_3163	STM3189
SL1344_3164	STM3190
SL1344_3165	STM3192
SL1344_3166	STM3193
SL1344_3167	STM3194
SL1344_3168	STM3195
SL1344_3169	STM3196
SL1344_3170	STM3197
SL1344_3171	STM3198
SL1344_3172	STM3199
SL1344_3173	STM3200
SL1344_3174	STM3201
SL1344_3175	STM3202
SL1344_3176	STM3203
SL1344_3177	STM3204
SL1344_3178	STM3205
SL1344_3179	STM3206
SL1344_3180	STM3207
SL1344_3182	STM3208
SL1344_3183	STM3209
SL1344_3184	STM3210
SL1344_3185	STM3211
SL1344_3186	STM3212
SL1344_3187	STM3214
SL1344_3188	STM3215
SL1344_3189	STM3216
SL1344_3190	STM3217
SL1344_3191	STM3218
SL1344_3192	STM3219
SL1344_3193	STM3220
SL1344_3194	STM3221
SL1344_3195	STM3222
SL1344_3196	STM3223
SL1344_3197	STM3224
SL1344_3198	STM3225
SL1344_3199	STM3226
SL1344_3200	STM3227
SL1344_3201	STM3228
SL1344_3202	STM3230
SL1344_3203	STM3231
SL1344_3204	STM3232
SL1344_3205	STM3233
SL1344_3206	STM3234
SL1344_3207	STM3235
SL1344_3208	STM3236
SL1344_3209	STM3237
SL1344_3210	STM3238
SL1344_3211	STM3239
SL1344_3212	STM3240
SL1344_3213	STM3241
SL1344_3214	STM3242
SL1344_3215	STM3243
SL1344_3216	STM3244
SL1344_3217	STM3245
SL1344_3220	STM3247
SL1344_3221	STM3248
SL1344_3222	STM3249
SL1344_3223	STM3250
SL1344_3224	STM3251
SL1344_3225	STM3252
SL1344_3226	STM3253
SL1344_3227	STM3254
SL1344_3228	STM3255
SL1344_3229	STM3256
SL1344_3230	STM3257
SL1344_3231	STM3258
SL1344_3232	STM3259
SL1344_3233	STM3260
SL1344_3234	STM3261
SL1344_3235	STM3262
SL1344_3236	STM3263
SL1344_3237	STM3264
SL1344_3238	STM3265
SL1344_3239	STM3266
SL1344_3240	STM3267
SL1344_3241	STM3268
SL1344_3242	STM3269
SL1344_3243	STM3270
SL1344_3244	STM3271
SL1344_3245	STM3272
SL1344_3246	STM3273
SL1344_3247	STM3274
SL1344_3248	STM3275
SL1344_3249	STM3276
SL1344_3250	STM3277
SL1344_3251	STM3278
SL1344_3252	STM3279
SL1344_3253	STM3280
SL1344_3254	STM3281
SL1344_3255	STM3282
SL1344_3256	STM3283
SL1344_3257	STM3284
SL1344_3258	STM3285
SL1344_3259	STM3286
SL1344_3260	STM3287
SL1344_3261	STM3288
SL1344_3262	STM3290
SL1344_3263	STM3291
SL1344_3264	STM3293
SL1344_3265	STM3294
SL1344_3266	STM3295
SL1344_3268	STM3296
SL1344_3269	STM3297
SL1344_3270	STM3298
SL1344_3271	STM3299
SL1344_3272	STM3300
SL1344_3273	STM3301
SL1344_3274	STM3302
SL1344_3275	STM3303
SL1344_3276	STM3304
SL1344_3277	STM3305
SL1344_3278	STM3306
SL1344_3279	STM3307
SL1344_3280	STM3308
SL1344_3281	STM3309
SL1344_3282	STM3310
SL1344_3283	STM3311
SL1344_3284	STM3312
SL1344_3285	STM3313
SL1344_3286	STM3314
SL1344_3287	STM3315
SL1344_3288	STM3316
SL1344_3289	STM3317
SL1344_3290	STM3318
SL1344_3291	STM3319
SL1344_3292	STM3320
SL1344_3293	STM3321
SL1344_3294	STM3322
SL1344_3295	STM3323
SL1344_3296	STM3324
SL1344_3297	STM3325
SL1344_3298	STM3326
SL1344_3299	STM3327
SL1344_3300	STM3328
SL1344_3301	STM3329
SL1344_3302	STM3330
SL1344_3303	STM3331
SL1344_3304	STM3332
SL1344_3305	STM3333
SL1344_3306	STM3334
SL1344_3307	STM3335
SL1344_3308	STM3336
SL1344_3309	STM3337
SL1344_3310	STM3338
SL1344_3311	STM3339
SL1344_3312	STM3340
SL1344_3313	STM3341
SL1344_3314	STM3342
SL1344_3315	STM3343
SL1344_3316	STM3344
SL1344_3317	STM3345
SL1344_3318	STM3346
SL1344_3319	STM3347
SL1344_3320	STM3348
SL1344_3321	STM3349
SL1344_3322	STM3350
SL1344_3323	STM3351
SL1344_3324	STM3352
SL1344_3325	STM3353
SL1344_3326	STM3354
SL1344_3327	STM3355
SL1344_3328	STM3356
SL1344_3329	STM3357
SL1344_3330	STM3358
SL1344_3331	STM3359
SL1344_3332	STM3360
SL1344_3333	STM3361
SL1344_3334	STM3362
SL1344_3335	STM3363
SL1344_3336	STM3364
SL1344_3337	STM3365
SL1344_3338	STM3366
SL1344_3339	STM3367
SL1344_3340	STM3368
SL1344_3341	STM3369
SL1344_3342	STM3370
SL1344_3343	STM3371
SL1344_3344	STM3372
SL1344_3345	STM3373
SL1344_3346	STM3374
SL1344_3348	STM3375
SL1344_3349	STM3376
SL1344_3350	STM3377
SL1344_3351	STM3378
SL1344_3352	STM3379
SL1344_3353	STM3380
SL1344_3354	STM3381
SL1344_3355	STM3382
SL1344_3356	STM3383
SL1344_3357	STM3384
SL1344_3358	STM3385
SL1344_3359	STM3386
SL1344_3360	STM3387
SL1344_3361	STM3388
SL1344_3362	STM3389
SL1344_3363	STM3390
SL1344_3364	STM3391
SL1344_3365	STM3392
SL1344_3366	STM3399
SL1344_3367	STM3400
SL1344_3368	STM3401
SL1344_3369	STM3402
SL1344_3370	STM3403
SL1344_3371	STM3404
SL1344_3372	STM3405
SL1344_3373	STM3406
SL1344_3374	STM3407
SL1344_3375	STM3408
SL1344_3376	STM3409
SL1344_3377	STM3410
SL1344_3378	STM3411
SL1344_3379	STM3412
SL1344_3380	STM3413
SL1344_3381	STM3414
SL1344_3382	STM3415
SL1344_3383	STM3416
SL1344_3384	STM3417
SL1344_3385	STM3418
SL1344_3387	STM3420
SL1344_3388	STM3421
SL1344_3389	STM3422
SL1344_3390	STM3423
SL1344_3391	STM3424
SL1344_3392	STM3425
SL1344_3393	STM3426
SL1344_3394	STM3427
SL1344_3395	STM3428
SL1344_3396	STM3429
SL1344_3397	STM3430
SL1344_3398	STM3431
SL1344_3399	STM3432
SL1344_3400	STM3433
SL1344_3401	STM3434
SL1344_3402	STM3435
SL1344_3403	STM3436
SL1344_3404	STM3437
SL1344_3405	STM3438
SL1344_3406	STM3439
SL1344_3407	STM3440
SL1344_3408	STM3441
SL1344_3409	STM3442
SL1344_3410	STM3443
SL1344_3411	STM3444
SL1344_3412	STM3445
SL1344_3413	STM3446
SL1344_3414	STM3447
SL1344_3415	STM3448
SL1344_3416	STM3449
SL1344_3417	STM3450
SL1344_3418	STM3451
SL1344_3419	STM3452
SL1344_3420	STM3453
SL1344_3421	STM3454
SL1344_3422	STM3455
SL1344_3423	STM3456
SL1344_3424	STM3457
SL1344_3425	STM3458
SL1344_3426	STM3459
SL1344_3428	STM3461
SL1344_3429	STM3462
SL1344_3431	STM3464
SL1344_3432	STM3465
SL1344_3433	STM3466
SL1344_3434	STM3467
SL1344_3435	STM3468
SL1344_3436	STM3469
SL1344_3437	STM3470
SL1344_3438	STM3471
SL1344_3439	STM3472
SL1344_3440	STM3473
SL1344_3441	STM3474
SL1344_3442	STM3475
SL1344_3443	STM3476
SL1344_3444	STM3477
SL1344_3445	STM3478
SL1344_3446	STM3479
SL1344_3447	STM3480
SL1344_3448	STM3481
SL1344_3449	STM3482
SL1344_3450	STM3483
SL1344_3451	STM3484
SL1344_3452	STM3485
SL1344_3453	STM3486
SL1344_3454	STM3487
SL1344_3455	STM3488
SL1344_3456	STM3489
SL1344_3457	STM3490
SL1344_3458	STM3491
SL1344_3459	STM3492
SL1344_3460	STM3493
SL1344_3461	STM3494
SL1344_3462	STM3495
SL1344_3463	STM3496
SL1344_3464	STM3497
SL1344_3465	STM3498
SL1344_3466	STM3499
SL1344_3467	STM3500
SL1344_3468	STM3501
SL1344_3469	STM3502
SL1344_3470	STM3503
SL1344_3471	STM3504
SL1344_3472	STM3505
SL1344_3473	STM3506
SL1344_3474	STM3507
SL1344_3475	STM3508
SL1344_3476	STM3509
SL1344_3477	STM3510
SL1344_3478	STM3511
SL1344_3479	STM3512
SL1344_3480	STM3513
SL1344_3481	STM3514
SL1344_3482	STM3515
SL1344_3483	STM3516
SL1344_3484	STM3517
SL1344_3485	STM3518
SL1344_3486	STM3519
SL1344_3487	STM3521
SL1344_3488	STM3522
SL1344_3489	STM3523
SL1344_3491	STM3524
SL1344_3492	STM3525
SL1344_3493	STM3526
SL1344_3494	STM3527
SL1344_3495	STM3528
SL1344_3496	STM3529
SL1344_3497	STM3530
SL1344_3498	STM3531
SL1344_3499	STM3532
SL1344_3500	STM3533
SL1344_3501	STM3534
SL1344_3502	STM3535
SL1344_3503	STM3536
SL1344_3504	STM3537
SL1344_3505	STM3538
SL1344_3506	STM3539
SL1344_3507	STM3541
SL1344_3508	STM3542
SL1344_3509	STM3543
SL1344_3510	STM3544
SL1344_3511	STM3545
SL1344_3512	STM3546
SL1344_3513	STM3547
SL1344_3514	STM3548
SL1344_3515	STM3549
SL1344_3516	STM3550
SL1344_3517	STM3551
SL1344_3518	STM3552
SL1344_3519	STM3553
SL1344_3520	STM3554
SL1344_3521	STM3555
SL1344_3522	STM3556
SL1344_3523	STM3557
SL1344_3524	STM3558
SL1344_3525	STM3559
SL1344_3526	STM3560
SL1344_3527	STM3561
SL1344_3528	STM3562
SL1344_3529	STM3563
SL1344_3530	STM3564
SL1344_3531	STM3565
SL1344_3532	STM3567
SL1344_3533	STM3568
SL1344_3534	STM3569
SL1344_3535	STM3570
SL1344_3536	STM3571
SL1344_3537	STM3572
SL1344_3538	STM3573
SL1344_3539	STM3574
SL1344_3540	STM3575
SL1344_3541	STM3576
SL1344_3542	STM3577
SL1344_3543	STM3578
SL1344_3544	STM3579
SL1344_3545	STM3580
SL1344_3546	STM3581
SL1344_3547	STM3582
SL1344_3548	STM3583
SL1344_3549	STM3584
SL1344_3550	STM3585
SL1344_3551	STM3586
SL1344_3552	STM3587
SL1344_3553	STM3588
SL1344_3554	STM3589
SL1344_3555	STM3590
SL1344_3556	STM3591
SL1344_3557	STM3592
SL1344_3558	STM3593
SL1344_3559	STM3594
SL1344_3560	STM3595
SL1344_3561	STM3596
SL1344_3562	STM3597
SL1344_3563	STM3598
SL1344_3564	STM3599
SL1344_3565	STM3600
SL1344_3566	STM3601
SL1344_3567	STM3602
SL1344_3568	STM3603
SL1344_3569	STM3604
SL1344_3570	STM3605
SL1344_3571	STM3606
SL1344_3572	STM3607
SL1344_3573	STM3608
SL1344_3574	STM3609
SL1344_3575	STM3610
SL1344_3576	STM3611
SL1344_3577	STM3612
SL1344_3578	STM3613
SL1344_3579	STM3614
SL1344_3580	STM3615
SL1344_3581	STM3616
SL1344_3582	STM3617
SL1344_3583	STM3618
SL1344_3584	STM3619
SL1344_3585	STM3620
SL1344_3586	STM3621
SL1344_3587	STM3622
SL1344_3588	STM3623
SL1344_3589	STM3624
SL1344_3591	STM3625
SL1344_3592	STM3626
SL1344_3593	STM3627
SL1344_3594	STM3628
SL1344_3595	STM3629
SL1344_3596	STM3630
SL1344_3597	STM3631
SL1344_3598	STM3632
SL1344_3599	STM3633
SL1344_3600	STM3635
SL1344_3601	STM3636
SL1344_3602	STM3637
SL1344_3604	STM3638
SL1344_3605	STM3639
SL1344_3606	STM3640
SL1344_3607	STM3641
SL1344_3608	STM3642
SL1344_3609	STM3643
SL1344_3610	STM3644
SL1344_3611	STM3645
SL1344_3612	STM3646
SL1344_3613	STM3647
SL1344_3614	STM3648
SL1344_3615	STM3649
SL1344_3616	STM3650
SL1344_3617	STM3651
SL1344_3618	STM3652
SL1344_3619	STM3653
SL1344_3620	STM3655
SL1344_3621	STM3656
SL1344_3622	STM3657
SL1344_3623	STM3658
SL1344_3624	STM3659
SL1344_3625	STM3660
SL1344_3626	STM3661
SL1344_3627	STM3662
SL1344_3628	STM3663
SL1344_3629	STM3664
SL1344_3630	STM3665
SL1344_3631	STM3666
SL1344_3632	STM3667
SL1344_3633	STM3668
SL1344_3634	STM3669
SL1344_3635	STM3670
SL1344_3636	STM3671
SL1344_3637	STM3672
SL1344_3638	STM3673
SL1344_3639	STM3674
SL1344_3640	STM3675
SL1344_3641	STM3676
SL1344_3642	STM3677
SL1344_3643	STM3678
SL1344_3644	STM3679
SL1344_3645	STM3680
SL1344_3646	STM3681
SL1344_3647	STM3682
SL1344_3648	STM3683
SL1344_3649	STM3684
SL1344_3650	STM3685
SL1344_3651	STM3686
SL1344_3652	STM3687
SL1344_3653	STM3688
SL1344_3654	STM3689
SL1344_3655	STM3690
SL1344_3656	STM3691
SL1344_3657	STM3692
SL1344_3658	STM3693
SL1344_3659	STM3694
SL1344_3660	STM3695
SL1344_3661	STM3696
SL1344_3662	STM3697
SL1344_3663	STM3698
SL1344_3665	STM3699
SL1344_3666	STM3700
SL1344_3667	STM3701
SL1344_3668	STM3702
SL1344_3669	STM3703
SL1344_3670	STM3704
SL1344_3671	STM3705
SL1344_3672	STM3706
SL1344_3673	STM3707
SL1344_3674	STM3708
SL1344_3675	STM3709
SL1344_3676	STM3710
SL1344_3677	STM3711
SL1344_3678	STM3712
SL1344_3679	STM3713
SL1344_3680	STM3714
SL1344_3681	STM3715
SL1344_3682	STM3716
SL1344_3683	STM3717
SL1344_3684	STM3718
SL1344_3685	STM3719
SL1344_3686	STM3720
SL1344_3687	STM3721
SL1344_3688	STM3722
SL1344_3689	STM3723
SL1344_3690	STM3724
SL1344_3691	STM3725
SL1344_3692	STM3726
SL1344_3693	STM3727
SL1344_3694	STM3728
SL1344_3695	STM3729
SL1344_3696	STM3730
SL1344_3697	STM3731
SL1344_3698	STM3732
SL1344_3699	STM3733
SL1344_3700	STM3734
SL1344_3701	STM3735
SL1344_3702	STM3736
SL1344_3703	STM3737
SL1344_3704	STM3738
SL1344_3705	STM3739
SL1344_3706	STM3740
SL1344_3707	STM3741
SL1344_3708	STM3742
SL1344_3709	STM3743
SL1344_3710	STM3744
SL1344_3711	STM3745
SL1344_3712	STM3746
SL1344_3713	STM3747
SL1344_3714	STM3748
SL1344_3715	STM3749
SL1344_3716	STM3750
SL1344_3717	STM3752
SL1344_3720	STM3755
SL1344_3722	STM3756
SL1344_3723	STM3757
SL1344_3724	STM3758
SL1344_3725	STM3759
SL1344_3726	STM3761
SL1344_3727	STM3762
SL1344_3728	STM3763
SL1344_3729	STM3764
SL1344_3730	STM3765
SL1344_3731	STM3766
SL1344_3732	STM3767
SL1344_3733	STM3768
SL1344_3734	STM3769
SL1344_3735	STM3770
SL1344_3736	STM3771
SL1344_3737	STM3772
SL1344_3738	STM3773
SL1344_3739	STM3774
SL1344_3740	STM3775
SL1344_3741	STM3776
SL1344_3743	STM3777
SL1344_3744	STM3778
SL1344_3745	STM3779
SL1344_3746	STM3780
SL1344_3747	STM3781
SL1344_3748	STM3782
SL1344_3749	STM3783
SL1344_3750	STM3784
SL1344_3751	STM3785
SL1344_3752	STM3786
SL1344_3753	STM3787
SL1344_3754	STM3788
SL1344_3755	STM3789
SL1344_3756	STM3790
SL1344_3757	STM3791
SL1344_3758	STM3792
SL1344_3759	STM3793
SL1344_3760	STM3794
SL1344_3761	STM3795
SL1344_3762	STM3796
SL1344_3765	STM3796A
SL1344_3766	STM3798
SL1344_3767	STM3799
SL1344_3768	STM3800
SL1344_3769	STM3801
SL1344_3770	STM3802
SL1344_3771	STM3803
SL1344_3772	STM3804
SL1344_3773	STM3805
SL1344_3774	STM3807
SL1344_3775	STM3808
SL1344_3776	STM3809
SL1344_3777	STM3810
SL1344_3778	STM3811
SL1344_3779	STM3812
SL1344_3780	STM3813
SL1344_3781	STM3814
SL1344_3782	STM3815
SL1344_3782A	STM3816
SL1344_3783	STM3817
SL1344_3784	STM3818
SL1344_3785	STM3819
SL1344_3786	STM3820
SL1344_3787	STM3821
SL1344_3788	STM3822
SL1344_3789	STM3823
SL1344_3790	STM3824
SL1344_3791	STM3825
SL1344_3792	STM3826
SL1344_3793	STM3827
SL1344_3794	STM3828
SL1344_3796	STM3829
SL1344_3797	STM3830
SL1344_3798	STM3831
SL1344_3799	STM3832
SL1344_3800	STM3833
SL1344_3801	STM3834
SL1344_3802	STM3835
SL1344_3803	STM3836
SL1344_3804	STM3837
SL1344_3805	STM3838
SL1344_3806	STM3839
SL1344_3807	STM3840
SL1344_3808	STM3841
SL1344_3809	STM3842
SL1344_3810	STM3843
SL1344_3811	STM3844
SL1344_3812	STM3845
SL1344_3813	STM3846
SL1344_3814	STM3847
SL1344_3815	STM3848
SL1344_3816	STM3849
SL1344_3817	STM3850
SL1344_3818	STM3851
SL1344_3819	STM3852
SL1344_3820	STM3853
SL1344_3821	STM3854
SL1344_3822	STM3855
SL1344_3823	STM3856
SL1344_3824	STM3857
SL1344_3825	STM3858
SL1344_3826	STM3859
SL1344_3827	STM3860
SL1344_3828	STM3861
SL1344_3829	STM3862
SL1344_3830	STM3863
SL1344_3831	STM3864
SL1344_3832	STM3865
SL1344_3833	STM3866
SL1344_3834	STM3867
SL1344_3835	STM3868
SL1344_3836	STM3869
SL1344_3837	STM3870
SL1344_3838	STM3871
SL1344_3839	STM3872
SL1344_3840	STM3873
SL1344_3841	STM3874
SL1344_3842	STM3875
SL1344_3843	STM3876
SL1344_3844	STM3877
SL1344_3845	STM3878
SL1344_3846	STM3879
SL1344_3847	STM3880
SL1344_3848	STM3881
SL1344_3849	STM3882
SL1344_3850	STM3883
SL1344_3851	STM3884
SL1344_3852	STM3885
SL1344_3853	STM3886
SL1344_3854	STM3887
SL1344_3857	STM3888
SL1344_3858	STM3897
SL1344_3859	STM3898
SL1344_3860	STM3899
SL1344_3861	STM3901
SL1344_3862	STM3902
SL1344_3863	STM3903
SL1344_3864	STM3904
SL1344_3865	STM3905
SL1344_3866	STM3906
SL1344_3867	STM3907
SL1344_3868	STM3908
SL1344_3869	STM3909
SL1344_3870	STM3910
SL1344_3872	STM3912
SL1344_3873	STM3913
SL1344_3874	STM3914
SL1344_3875	STM3915
SL1344_3876	STM3917
SL1344_3877	STM3918
SL1344_3878	STM3919
SL1344_3879	STM3920
SL1344_3880	STM3921
SL1344_3881	STM3922
SL1344_3882	STM3923
SL1344_3883	STM3924
SL1344_3884	STM3925
SL1344_3885	STM3926
SL1344_3886	STM3927
SL1344_3887	STM3928
SL1344_3888	STM3929
SL1344_3889	STM3930
SL1344_3890	STM3935
SL1344_3891	STM3936
SL1344_3892	STM3937
SL1344_3893	STM3938
SL1344_3894	STM3939
SL1344_3895	STM3940
SL1344_3896	STM3941
SL1344_3897	STM3942
SL1344_3898	STM3943
SL1344_3899	STM3944
SL1344_3899A	STM3945
SL1344_3900	STM3946
SL1344_3901	STM3947
SL1344_3902	STM3948
SL1344_3903	STM3949
SL1344_3904	STM3950
SL1344_3905	STM3951
SL1344_3906	STM3952
SL1344_3907	STM3953
SL1344_3908	STM3954
SL1344_3909	STM3955
SL1344_3910	STM3956
SL1344_3911	STM3957
SL1344_3912	STM3958
SL1344_3913	STM3959
SL1344_3914	STM3960
SL1344_3915	STM3961
SL1344_3916	STM3962
SL1344_3917	STM3963
SL1344_3918	STM3964
SL1344_3919	STM3965
SL1344_3920	STM3966
SL1344_3921	STM3967
SL1344_3922	STM3968
SL1344_3923	STM3969
SL1344_3924	STM3970
SL1344_3925	STM3971
SL1344_3926	STM3972
SL1344_3927	STM3973
SL1344_3928	STM3974
SL1344_3929	STM3975
SL1344_3930	STM3976
SL1344_3931	STM3977
SL1344_3932	STM3978
SL1344_3933	STM3979
SL1344_3934	STM3981
SL1344_3935	STM3982
SL1344_3936	STM3983
SL1344_3937	STM3984
SL1344_3938	STM3985
SL1344_3939	STM3986
SL1344_3940	STM3987
SL1344_3941	STM3993
SL1344_3942	STM3994
SL1344_3943	STM3995
SL1344_3944	STM3996
SL1344_3945	STM3997
SL1344_3946	STM3998
SL1344_3947	STM3999
SL1344_3948	STM4001
SL1344_3950	STM4003
SL1344_3951	STM4004
SL1344_3952	STM4005
SL1344_3953	STM4006
SL1344_3954	STM4007
SL1344_3955	STM4009
SL1344_3956	STM4010
SL1344_3957	STM4011
SL1344_3958	STM4012
SL1344_3959	STM4013
SL1344_3960	STM4014
SL1344_3961	STM4015
SL1344_3962	STM4016
SL1344_3963	STM4017
SL1344_3964	STM4018
SL1344_3965	STM4019
SL1344_3966	STM4020
SL1344_3967	STM4021
SL1344_3968	STM4022
SL1344_3969	STM4023
SL1344_3970	STM4024
SL1344_3971	STM4025
SL1344_3972	STM4026
SL1344_3973	STM4027
SL1344_3974	STM4028
SL1344_3975	STM4029
SL1344_3976	STM4030
SL1344_3977	STM4031
SL1344_3978	STM4032
SL1344_3980	STM4033
SL1344_3981	STM4034
SL1344_3982	STM4035
SL1344_3983	STM4036
SL1344_3984	STM4037
SL1344_3986	STM4038
SL1344_3987	STM4039
SL1344_3988	STM4040
SL1344_3989	STM4041
SL1344_3990	STM4042
SL1344_3991	STM4042A
SL1344_3992	STM4043
SL1344_3993	STM4044
SL1344_3994	STM4045
SL1344_3995	STM4046
SL1344_3996	STM4047
SL1344_3997	STM4048
SL1344_3998	STM4049
SL1344_3999	STM4050
SL1344_4000	STM4051
SL1344_4001	STM4052
SL1344_4002	STM4053
SL1344_4003	STM4054
SL1344_4004	STM4055
SL1344_4005	STM4056
SL1344_4006	STM4057
SL1344_4007	STM4058
SL1344_4008	STM4059
SL1344_4009	STM4060
SL1344_4010	STM4061
SL1344_4011	STM4062
SL1344_4012	STM4063
SL1344_4013	STM4064
SL1344_4014	STM4065
SL1344_4015	STM4066
SL1344_4016	STM4067
SL1344_4017	STM4068
SL1344_4018	STM4069
SL1344_4019	STM4070
SL1344_4020	STM4071
SL1344_4021	STM4072
SL1344_4022	STM4073
SL1344_4023	STM4074
SL1344_4024	STM4075
SL1344_4025	STM4076
SL1344_4026	STM4077
SL1344_4027	STM4078
SL1344_4028	STM4079
SL1344_4029	STM4080
SL1344_4030	STM4081
SL1344_4031	STM4082
SL1344_4032	STM4083
SL1344_4033	STM4084
SL1344_4034	STM4085
SL1344_4035	STM4086
SL1344_4036	STM4087
SL1344_4037	STM4088
SL1344_4038	STM4089
SL1344_4039	STM4090
SL1344_4040	STM4091
SL1344_4041	STM4092
SL1344_4042	STM4093
SL1344_4043	STM4094
SL1344_4044	STM4095
SL1344_4045	STM4096
SL1344_4046	STM4097
SL1344_4047	STM4098
SL1344_4048	STM4099
SL1344_4049	STM4100
SL1344_4050	STM4101
SL1344_4051	STM4102
SL1344_4053	STM4103
SL1344_4054	STM4104
SL1344_4055	STM4105
SL1344_4056	STM4106
SL1344_4057	STM4107
SL1344_4058	STM4108
SL1344_4059	STM4109
SL1344_4060	STM4110
SL1344_4061	STM4112
SL1344_4062	STM4113
SL1344_4063	STM4114
SL1344_4064	STM4115
SL1344_4065	STM4116
SL1344_4066	STM4117
SL1344_4068	STM4118
SL1344_4069	STM4119
SL1344_4070	STM4120
SL1344_4071	STM4121
SL1344_4072	STM4122
SL1344_4073	STM4123
SL1344_4074	STM4125
SL1344_4075	STM4126
SL1344_4076	STM4127
SL1344_4077	STM4128
SL1344_4078	STM4129
SL1344_4079	STM4130
SL1344_4080	STM4131
SL1344_4081	STM4137
SL1344_4082	STM4138
SL1344_4083	STM4139
SL1344_4084	STM4141
SL1344_4085	STM4146
SL1344_4086	STM4147
SL1344_4087	STM4148
SL1344_4088	STM4149
SL1344_4089	STM4150
SL1344_4090	STM4151
SL1344_4091	STM4152
SL1344_4092	STM4153
SL1344_4093	STM4154
SL1344_4094	STM4155
SL1344_4095	STM4156
SL1344_4096	STM4157
SL1344_4097	STM4158
SL1344_4098	STM4159
SL1344_4099	STM4160
SL1344_4100	STM4161
SL1344_4101	STM4162
SL1344_4102	STM4163
SL1344_4103	STM4164
SL1344_4104	STM4165
SL1344_4105	STM4166
SL1344_4106	STM4167
SL1344_4107	STM4168
SL1344_4108	STM4169
SL1344_4109	STM4170
SL1344_4110	STM4171
SL1344_4111	STM4172
SL1344_4112	STM4173
SL1344_4113	STM4174
SL1344_4114	STM4175
SL1344_4115	STM4176
SL1344_4116	STM4181
SL1344_4117	STM4182
SL1344_4118	STM4183
SL1344_4119	STM4184
SL1344_4120	STM4185
SL1344_4121	STM4186
SL1344_4122	STM4187
SL1344_4123	STM4188
SL1344_4124	STM4189
SL1344_4125	STM4190
SL1344_4126	STM4191
SL1344_4127	STM4192
SL1344_4128	STM4193
SL1344_4129	STM4194
SL1344_4130	STM4195
SL1344_4131	STM4196
SL1344_4132	STM4197
SL1344_4133	STM4198
SL1344_4134	STM4199
SL1344_4135	STM4200
SL1344_4136	STM4201
SL1344_4137	STM4202
SL1344_4138	STM4203
SL1344_4139	STM4204
SL1344_4140	STM4205
SL1344_4141	STM4206
SL1344_4142	STM4207
SL1344_4143	STM4208
SL1344_4144	STM4209
SL1344_4145	STM4210
SL1344_4146	STM4211
SL1344_4148	STM4212
SL1344_4149	STM4213
SL1344_4150	STM4214
SL1344_4151	STM4215
SL1344_4152	STM4216
SL1344_4153	STM4217
SL1344_4154	STM4218
SL1344_4155	STM4219
SL1344_4156	STM4220
SL1344_4157	STM4221
SL1344_4158	STM4222
SL1344_4159	STM4223
SL1344_4160	STM4224
SL1344_4161	STM4225
SL1344_4162	STM4226
SL1344_4163	STM4227
SL1344_4164	STM4228
SL1344_4166	STM4229
SL1344_4167	STM4230
SL1344_4168	STM4231
SL1344_4169	STM4232
SL1344_4170	STM4233
SL1344_4171	STM4234
SL1344_4172	STM4235
SL1344_4173	STM4236
SL1344_4174	STM4237
SL1344_4175	STM4238
SL1344_4176	STM4240
SL1344_4177	STM4241
SL1344_4178	STM4242
SL1344_4179	STM4243
SL1344_4180	STM4244
SL1344_4181	STM4245
SL1344_4182	STM4246
SL1344_4183	STM4247
SL1344_4184	STM4248
SL1344_4185	STM4249
SL1344_4186	STM4250
SL1344_4187	STM4251
SL1344_4188	STM4252
SL1344_4189	STM4253
SL1344_4190	STM4254
SL1344_4191	STM4255
SL1344_4192	STM4256
SL1344_4193	STM4257
SL1344_4194	STM4258
SL1344_4195	STM4259
SL1344_4196	STM4260
SL1344_4197	STM4261
SL1344_4198	STM4262
SL1344_4199	STM4263
SL1344_4200	STM4264
SL1344_4201	STM4265
SL1344_4202	STM4266
SL1344_4203	STM4267
SL1344_4204	STM4268
SL1344_4205	STM4269
SL1344_4206	STM4270
SL1344_4207	STM4271
SL1344_4208	STM4272
SL1344_4209	STM4273
SL1344_4210	STM4274
SL1344_4211	STM4275
SL1344_4212	STM4276
SL1344_4213	STM4277
SL1344_4214	STM4278
SL1344_4215	STM4279
SL1344_4216	STM4280
SL1344_4217	STM4281
SL1344_4218	STM4282
SL1344_4219	STM4283
SL1344_4220	STM4284
SL1344_4221	STM4285
SL1344_4223	STM4286
SL1344_4224	STM4287
SL1344_4225	STM4288
SL1344_4226	STM4289
SL1344_4227	STM4290
SL1344_4228	STM4291
SL1344_4229	STM4292
SL1344_4230	STM4293
SL1344_4231	STM4294
SL1344_4232	STM4295
SL1344_4233	STM4296
SL1344_4234	STM4297
SL1344_4235	STM4298
SL1344_4236	STM4299
SL1344_4237	STM4300
SL1344_4238	STM4301
SL1344_4239	STM4302
SL1344_4240	STM4303
SL1344_4241	STM4304
SL1344_4242	STM4305
SL1344_4243	STM4306
SL1344_4244	STM4307
SL1344_4245	STM4308
SL1344_4246	STM4309
SL1344_4247	STM4310
SL1344_4248	STM4312
SL1344_4249	STM4313
SL1344_4250	STM4314
SL1344_4251	STM4315
SL1344_4252	STM4316
SL1344_4253	STM4317
SL1344_4254	STM4318
SL1344_4255	STM4319
SL1344_4258	STM4320
SL1344_4259	STM4322
SL1344_4260	STM4323
SL1344_4261	STM4324
SL1344_4262	STM4325
SL1344_4263	STM4326
SL1344_4264	STM4327
SL1344_4265	STM4328
SL1344_4266	STM4329
SL1344_4267	STM4330
SL1344_4268	STM4331
SL1344_4269	STM4332
SL1344_4270	STM4333
SL1344_4271	STM4334
SL1344_4272	STM4335
SL1344_4273	STM4336
SL1344_4274	STM4337
SL1344_4275	STM4338
SL1344_4276	STM4339
SL1344_4277	STM4340
SL1344_4278	STM4341
SL1344_4279	STM4342
SL1344_4280	STM4343
SL1344_4281	STM4344
SL1344_4282	STM4345
SL1344_4283	STM4346
SL1344_4284	STM4347
SL1344_4285	STM4348
SL1344_4286	STM4349
SL1344_4287	STM4350
SL1344_4288	STM4351
SL1344_4289	STM4355
SL1344_4290	STM4356
SL1344_4291	STM4357
SL1344_4292	STM4358
SL1344_4293	STM4359
SL1344_4294	STM4360
SL1344_4295	STM4361
SL1344_4296	STM4362
SL1344_4297	STM4363
SL1344_4298	STM4364
SL1344_4299	STM4366
SL1344_4300	STM4367
SL1344_4301	STM4368
SL1344_4302	STM4369
SL1344_4303	STM4370
SL1344_4304	STM4371
SL1344_4305	STM4372
SL1344_4306	STM4373
SL1344_4307	STM4374
SL1344_4308	STM4375
SL1344_4309	STM4376
SL1344_4310	STM4377
SL1344_4311	STM4378
SL1344_4312	STM4379
SL1344_4313	STM4380
SL1344_4314	STM4381
SL1344_4315	STM4382
SL1344_4316	STM4383
SL1344_4317	STM4384
SL1344_4318	STM4385
SL1344_4319	STM4386
SL1344_4320	STM4387
SL1344_4321	STM4388
SL1344_4322	STM4389
SL1344_4323	STM4390
SL1344_4324	STM4391
SL1344_4325	STM4392
SL1344_4326	STM4393
SL1344_4327	STM4394
SL1344_4328	STM4395
SL1344_4329	STM4396
SL1344_4330	STM4397
SL1344_4331	STM4398
SL1344_4332	STM4399
SL1344_4333	STM4400
SL1344_4334	STM4401
SL1344_4335	STM4402
SL1344_4336	STM4403
SL1344_4337	STM4404
SL1344_4338	STM4405
SL1344_4339	STM4406
SL1344_4340	STM4407
SL1344_4341	STM4408
SL1344_4342	STM4409
SL1344_4343	STM4410
SL1344_4344	STM4411
SL1344_4345	STM4412
SL1344_4346	STM4413
SL1344_4347	STM4414
SL1344_4348	STM4415
SL1344_4349	STM4416
SL1344_4350	STM4417
SL1344_4351	STM4418
SL1344_4352	STM4419
SL1344_4353	STM4420
SL1344_4354	STM4421
SL1344_4354A	STM4422
SL1344_4355	STM4423
SL1344_4356	STM4424
SL1344_4357	STM4425
SL1344_4358	STM4426
SL1344_4359	STM4427
SL1344_4360	STM4428
SL1344_4361	STM4430
SL1344_4362	STM4431
SL1344_4363	STM4433
SL1344_4364	STM4434
SL1344_4365	STM4435
SL1344_4366	STM4436
SL1344_4367	STM4437
SL1344_4368	STM4438
SL1344_4369	STM4439
SL1344_4370	STM4440
SL1344_4371	STM4441
SL1344_4372	STM4442
SL1344_4373	STM4443
SL1344_4374	STM4444
SL1344_4375	STM4445
SL1344_4376	STM4446
SL1344_4377	STM4447
SL1344_4378	STM4448
SL1344_4379	STM4449
SL1344_4380	STM4450
SL1344_4381	STM4451
SL1344_4382	STM4452
SL1344_4384	STM4453
SL1344_4385	STM4454
SL1344_4386	STM4455
SL1344_4387	STM4456
SL1344_4388	STM4457
SL1344_4389	STM4458
SL1344_4390	STM4459
SL1344_4391	STM4460
SL1344_4392	STM4461
SL1344_4393	STM4463
SL1344_4394	STM4464
SL1344_4395	STM4465
SL1344_4396	STM4466
SL1344_4397	STM4467
SL1344_4398	STM4468
SL1344_4399	STM4469
SL1344_4400	STM4470
SL1344_4401	STM4471
SL1344_4402	STM4472
SL1344_4403	STM4473
SL1344_4404	STM4474
SL1344_4405	STM4475
SL1344_4406	STM4476
SL1344_4407	STM4477
SL1344_4408	STM4478
SL1344_4409	STM4479
SL1344_4410	STM4480
SL1344_4411	STM4481
SL1344_4412	STM4482
SL1344_4413	STM4483
SL1344_4414	STM4484
SL1344_4415	STM4485
SL1344_4416	STM4486
SL1344_4417	STM4488
SL1344_4418	STM4489
SL1344_4419	STM4490
SL1344_4420	STM4491
SL1344_4421	STM4492
SL1344_4422	STM4493
SL1344_4423	STM4494
SL1344_4424	STM4495
SL1344_4425	STM4496
SL1344_4426	STM4497
SL1344_4427	STM4498
SL1344_4429	STM4499
SL1344_4430	STM4500
SL1344_4431	STM4501
SL1344_4432	STM4502
SL1344_4433	STM4503
SL1344_4434	STM4504
SL1344_4435	STM4505
SL1344_4436	STM4506
SL1344_4437	STM4507
SL1344_4438	STM4508
SL1344_4440	STM4509
SL1344_4441	STM4510
SL1344_4442	STM4511
SL1344_4443	STM4512
SL1344_4444	STM4513
SL1344_4445	STM4514
SL1344_4446	STM4515
SL1344_4447	STM4516
SL1344_4448	STM4517
SL1344_4449	STM4518
SL1344_4450	STM4519
SL1344_4451	STM4520
SL1344_4452	STM4521
SL1344_4453	STM4522
SL1344_4454	STM4523
SL1344_4455	STM4524
SL1344_4456	STM4525
SL1344_4457	STM4526
SL1344_4458	STM4527
SL1344_4459	STM4528
SL1344_4460	STM4529
SL1344_4461	STM4530
SL1344_4462	STM4531
SL1344_4463	STM4532
SL1344_4464	STM4533
SL1344_4465	STM4534
SL1344_4466	STM4535
SL1344_4467	STM4536
SL1344_4468	STM4537
SL1344_4469	STM4538
SL1344_4470	STM4539
SL1344_4471	STM4540
SL1344_4472	STM4541
SL1344_4473	STM4542
SL1344_4474	STM4543
SL1344_4475	STM4544
SL1344_4476	STM4545
SL1344_4477	STM4546
SL1344_4478	STM4547
SL1344_4479	STM4548
SL1344_4480	STM4549
SL1344_4481	STM4550
SL1344_4482	STM4551
SL1344_4483	STM4552
SL1344_4484	STM4556
SL1344_4485	STM4557
SL1344_4486	STM4558
SL1344_4487	STM4559
SL1344_4488	STM4560
SL1344_4489	STM4561
SL1344_4490	STM4563
SL1344_4491	STM4564
SL1344_4492	STM4565
SL1344_4493	STM4566
SL1344_4494	STM4567
SL1344_4495	STM4568
SL1344_4496	STM4569
SL1344_4497	STM4570
SL1344_4498	STM4571
SL1344_4499	STM4572
SL1344_4500	STM4573
SL1344_4501	STM4574
SL1344_4502	STM4575
SL1344_4503	STM4576
SL1344_4504	STM4577
SL1344_4505	STM4578
SL1344_4506	STM4579
SL1344_4507	STM4580
SL1344_4508	STM4581
SL1344_4509	STM4582
SL1344_4510	STM4583
SL1344_4511	STM4584
SL1344_4512	STM4585
SL1344_4513	STM4586
SL1344_4514	STM4587
SL1344_4515	STM4588
SL1344_4516	STM4589
SL1344_4517	STM4590
SL1344_4518	STM4591
SL1344_4519	STM4592
SL1344_4520	STM4593
SL1344_4521	STM4594
SL1344_4522	STM4595
SL1344_4523	STM4596
SL1344_4525	STM4598
SL1344_4526	STM4599
SL1344_4527	STM4600
