SL1344_0001	SL0001
SL1344_0002	SL0002
SL1344_0003	SL0003
SL1344_0004	SL0004
SL1344_0005	SL0005
SL1344_0006	SL0006
SL1344_0007	SL0007
SL1344_0008	SL0008
SL1344_0009	SL0009
SL1344_0010	SL0010
SL1344_0011	SL0011
SL1344_0012	SL0012
SL1344_0013	SL0013
SL1344_0014	SL0014
SL1344_0015	SL0015
SL1344_0016	SL0016
SL1344_0017	SL0017
SL1344_0018	SL0018
SL1344_0019	SL0019
SL1344_0020	SL0020
SL1344_0021	SL0021
SL1344_0022	SL0022
SL1344_0023	SL0023
SL1344_0024	SL0024
SL1344_0025	SL0025
SL1344_0026	SL0026
SL1344_0027	SL0027
SL1344_0028	SL0028
SL1344_0029	SL0029
SL1344_0030	SL0030
SL1344_0031	SL0031
SL1344_0032	SL0032
SL1344_0033	SL0033
SL1344_0034	SL0034
SL1344_0035	SL0035
SL1344_0036	SL0036
SL1344_0037	SL0037
SL1344_0038	SL0038
SL1344_0039	SL0039
SL1344_0040	SL0040
SL1344_0041	SL0041
SL1344_0042	SL0042
SL1344_0043	SL0043
SL1344_0044	SL0044
SL1344_0045	SL0045
SL1344_0046	SL0046
SL1344_0047	SL0047
SL1344_0048	SL0048
SL1344_0049	SL0049
SL1344_0050	SL0050
SL1344_0051	SL0051
SL1344_0052	SL0052
SL1344_0053	SL0053
SL1344_0054	SL0054
SL1344_0055	SL0055
SL1344_0056	SL0056
SL1344_0057	SL0057
SL1344_0058	SL0058
SL1344_0059	SL0059
SL1344_0060	SL0060
SL1344_0061	SL0061
SL1344_0062	SL0062
SL1344_0063	SL0063
SL1344_0064	SL0064
SL1344_0065	SL0065
SL1344_0066A	SL0066A
SL1344_0067	SL0067
SL1344_0068	SL0068
SL1344_0069	SL0069
SL1344_0070	SL0070
SL1344_0071	SL0071
SL1344_0072	SL0072
SL1344_0073	SL0073
SL1344_0074	SL0074
SL1344_0075	SL0075
SL1344_0076	SL0076
SL1344_0077	SL0077
SL1344_0078	SL0078
SL1344_0079	SL0079
SL1344_0080	SL0080
SL1344_0081	SL0081
SL1344_0082	SL0082
SL1344_0083	SL0083
SL1344_0084	SL0084
SL1344_0086	SL0086
SL1344_0087	SL0087
SL1344_0088	SL0088
SL1344_0089	SL0089
SL1344_0090	SL0090
SL1344_0091	SL0091
SL1344_0092	SL0092
SL1344_0093	SL0093
SL1344_0094	SL0094
SL1344_0095	SL0095
SL1344_0096	SL0096
SL1344_0097	SL0097
SL1344_0098	SL0098
SL1344_0099	SL0099
SL1344_0100	SL0100
SL1344_0101	SL0101
SL1344_0102	SL0102
SL1344_0103	SL0103
SL1344_0104	SL0104
SL1344_0105	SL0105
SL1344_0106	SL0106
SL1344_0107	SL0107
SL1344_0108	SL0108
SL1344_0109	SL0109
SL1344_0110	SL0110
SL1344_0111	SL0111
SL1344_0112	SL0112
SL1344_0113	SL0113
SL1344_0114	SL0114
SL1344_0115	SL0115
SL1344_0116	SL0116
SL1344_0117	SL0117
SL1344_0118	SL0118
SL1344_0119	SL0119
SL1344_0120	SL0120
SL1344_0121	SL0121
SL1344_0122	SL0122
SL1344_0123	SL0123
SL1344_0124	SL0124
SL1344_0125	SL0125
SL1344_0126	SL0126
SL1344_0127	SL0127
SL1344_0128	SL0128
SL1344_0129	SL0129
SL1344_0130	SL0130
SL1344_0131	SL0131
SL1344_0132	SL0132
SL1344_0133	SL0133
SL1344_0134	SL0134
SL1344_0135	SL0135
SL1344_0136	SL0136
SL1344_0137	SL0137
SL1344_0138	SL0138
SL1344_0139	SL0139
SL1344_0140	SL0140
SL1344_0141	SL0141
SL1344_0142	SL0142
SL1344_0143	SL0143
SL1344_0144	SL0144
SL1344_0145	SL0145
SL1344_0146	SL0146
SL1344_0147	SL0147
SL1344_0148	SL0148
SL1344_0149	SL0149
SL1344_0150	SL0150
SL1344_0151	SL0151
SL1344_0152	SL0152
SL1344_0153	SL0153
SL1344_0154	SL0154
SL1344_0155	SL0155
SL1344_0156	SL0156
SL1344_0157	SL0157
SL1344_0159	SL0159
SL1344_0160	SL0160
SL1344_0161	SL0161
SL1344_0162	SL0162
SL1344_0163	SL0163
SL1344_0164	SL0164
SL1344_0165	SL0165
SL1344_0166	SL0166
SL1344_0167	SL0167
SL1344_0168	SL0168
SL1344_0169	SL0169
SL1344_0170	SL0170
SL1344_0171	SL0171
SL1344_0172	SL0172
SL1344_0173	SL0173
SL1344_0174	SL0174
SL1344_0175	SL0175
SL1344_0176	SL0176
SL1344_0177	SL0177
SL1344_0178	SL0178
SL1344_0179	SL0179
SL1344_0180	SL0180
SL1344_0181	SL0181
SL1344_0182	SL0182
SL1344_0183	SL0183
SL1344_0184	SL0184
SL1344_0185	SL0185
SL1344_0186	SL0186
SL1344_0187	SL0187
SL1344_0188	SL0188
SL1344_0189	SL0189
SL1344_0190	SL0190
SL1344_0191	SL0191
SL1344_0192	SL0192
SL1344_0193	SL0193
SL1344_0194	SL0194
SL1344_0195	SL0195
SL1344_0196	SL0196
SL1344_0197	SL0197
SL1344_0198	SL0198
SL1344_0199	SL0199
SL1344_0200	SL0200
SL1344_0201	SL0201
SL1344_0202	SL0202
SL1344_0203	SL0203
SL1344_0204	SL0204
SL1344_0205	SL0205
SL1344_0206	SL0206
SL1344_0207	SL0207
SL1344_0208	SL0208
SL1344_0209	SL0209
SL1344_0210	SL0210
SL1344_0211	SL0211
SL1344_0212	SL0212
SL1344_0213	SL0213
SL1344_0214	SL0214
SL1344_0215	SL0215
SL1344_0216	SL0216
SL1344_0217	SL0217
SL1344_0218	SL0218
SL1344_0219	SL0219
SL1344_0220	SL0220
SL1344_0221	SL0221
SL1344_0222	SL0222
SL1344_0223	SL0223
SL1344_0224	SL0224
SL1344_0225	SL0225
SL1344_0226	SL0226
SL1344_0227	SL0227
SL1344_0228	SL0228
SL1344_0229	SL0229
SL1344_0230	SL0230
SL1344_0231	SL0231
SL1344_0232	SL0232
SL1344_0233	SL0233
SL1344_0234	SL0234
SL1344_0235	SL0235
SL1344_0236	SL0236
SL1344_0237	SL0237
SL1344_0238	SL0238
SL1344_0239	SL0239
SL1344_0240	SL0240
SL1344_0241	SL0241
SL1344_0242	SL0242
SL1344_0243	SL0243
SL1344_0244	SL0244
SL1344_0245	SL0245
SL1344_0246	SL0246
SL1344_0247	SL0247
SL1344_0248	SL0248
SL1344_0249	SL0249
SL1344_0250	SL0250
SL1344_0251	SL0251
SL1344_0252	SL0252
SL1344_0253	SL0253
SL1344_0254	SL0254
SL1344_0255	SL0255
SL1344_0256	SL0256
SL1344_0257	SL0257
SL1344_0258	SL0258
SL1344_0259	SL0259
SL1344_0260	SL0260
SL1344_0261	SL0261
SL1344_0262	SL0262
SL1344_0263	SL0263
SL1344_0264	SL0264
SL1344_0265	SL0265
SL1344_0266	SL0266
SL1344_0267	SL0267
SL1344_0268	SL0268
SL1344_0270	SL0270
SL1344_0271	SL0271
SL1344_0272	SL0272
SL1344_0273	SL0273
SL1344_0274	SL0274
SL1344_0275	SL0275
SL1344_0276	SL0276
SL1344_0277	SL0277
SL1344_0278	SL0278
SL1344_0279	SL0279
SL1344_0280	SL0280
SL1344_0281	SL0281
SL1344_0282	SL0282
SL1344_0283	SL0283
SL1344_0284	SL0284
SL1344_0285	SL0285
SL1344_0286B	SL0286B
SL1344_0288	SL0288
SL1344_0289	SL0289
SL1344_0291	SL0291
SL1344_0292	SL0292
SL1344_0293	SL0293
SL1344_0295	SL0295
SL1344_0296	SL0296
SL1344_0297	SL0297
SL1344_0298	SL0298
SL1344_0299	SL0299
SL1344_0300	SL0300
SL1344_0301	SL0301
SL1344_0302	SL0302
SL1344_0303	SL0303
SL1344_0304	SL0304
SL1344_0305	SL0305
SL1344_0306	SL0306
SL1344_0307	SL0307
SL1344_0308	SL0308
SL1344_0309	SL0309
SL1344_0310	SL0310
SL1344_0311	SL0311
SL1344_0312	SL0312
SL1344_0313	SL0313
SL1344_0314	SL0314
SL1344_0315	SL0315
SL1344_0316	SL0316
SL1344_0317	SL0317
SL1344_0318	SL0318
SL1344_0319	SL0319
SL1344_0320	SL0320
SL1344_0322	SL0322
SL1344_0323	SL0323
SL1344_0324	SL0324
SL1344_0325	SL0325
SL1344_0326	SL0326
SL1344_0327	SL0327
SL1344_0328	SL0328
SL1344_0329	SL0329
SL1344_0330	SL0330
SL1344_0331	SL0331
SL1344_0332	SL0332
SL1344_0333	SL0333
SL1344_0334	SL0334
SL1344_0335	SL0335
SL1344_0336	SL0336
SL1344_0337	SL0337
SL1344_0338	SL0338
SL1344_0339	SL0339
SL1344_0340	SL0340
SL1344_0341	SL0341
SL1344_0342	SL0342
SL1344_0343	SL0343
SL1344_0344	SL0344
SL1344_0345	SL0345
SL1344_0346	SL0346
SL1344_0347	SL0347
SL1344_0348	SL0348
SL1344_0349	SL0349
SL1344_0350	SL0350
SL1344_0351	SL0351
SL1344_0352	SL0352
SL1344_0353	SL0353
SL1344_0354	SL0354
SL1344_0355	SL0355
SL1344_0356	SL0356
SL1344_0357	SL0357
SL1344_0358	SL0358
SL1344_0359	SL0359
SL1344_0360	SL0360
SL1344_0361	SL0361
SL1344_0362	SL0362
SL1344_0363	SL0363
SL1344_0364	SL0364
SL1344_0365	SL0365
SL1344_0366	SL0366
SL1344_0367	SL0367
SL1344_0368	SL0368
SL1344_0369	SL0369
SL1344_0370	SL0370
SL1344_0371	SL0371
SL1344_0372	SL0372
SL1344_0373	SL0373
SL1344_0374	SL0374
SL1344_0375	SL0375
SL1344_0376	SL0376
SL1344_0377	SL0377
SL1344_0378	SL0378
SL1344_0379	SL0379
SL1344_0380	SL0380
SL1344_0381	SL0381
SL1344_0382	SL0382
SL1344_0383	SL0383
SL1344_0384	SL0384
SL1344_0385	SL0385
SL1344_0386	SL0386
SL1344_0387	SL0387
SL1344_0388	SL0388
SL1344_0389	SL0389
SL1344_0390	SL0390
SL1344_0391	SL0391
SL1344_0392	SL0392
SL1344_0393	SL0393
SL1344_0394	SL0394
SL1344_0395	SL0395
SL1344_0396	SL0396
SL1344_0397	SL0397
SL1344_0398	SL0398
SL1344_0399	SL0399
SL1344_0400	SL0400
SL1344_0401	SL0401
SL1344_0402	SL0402
SL1344_0403	SL0403
SL1344_0404	SL0404
SL1344_0405	SL0405
SL1344_0406	SL0406
SL1344_0407	SL0407
SL1344_0408	SL0408
SL1344_0409	SL0409
SL1344_0410	SL0410
SL1344_0411	SL0411
SL1344_0412	SL0412
SL1344_0413	SL0413
SL1344_0414	SL0414
SL1344_0415	SL0415
SL1344_0416	SL0416
SL1344_0417	SL0417
SL1344_0418	SL0418
SL1344_0419	SL0419
SL1344_0420	SL0420
SL1344_0421	SL0421
SL1344_0422	SL0422
SL1344_0423	SL0423
SL1344_0424	SL0424
SL1344_0425	SL0425
SL1344_0426	SL0426
SL1344_0427	SL0427
SL1344_0428	SL0428
SL1344_0429	SL0429
SL1344_0430	SL0430
SL1344_0431	SL0431
SL1344_0432	SL0432
SL1344_0433	SL0433
SL1344_0434	SL0434
SL1344_0435	SL0435
SL1344_0436	SL0436
SL1344_0437	SL0437
SL1344_0438	SL0438
SL1344_0439	SL0439
SL1344_0440	SL0440
SL1344_0441	SL0441
SL1344_0442	SL0442
SL1344_0443	SL0443
SL1344_0444	SL0444
SL1344_0445	SL0445
SL1344_0446	SL0446
SL1344_0447	SL0447
SL1344_0448	SL0448
SL1344_0449	SL0449
SL1344_0450	SL0450
SL1344_0451	SL0451
SL1344_0452	SL0452
SL1344_0453	SL0453
SL1344_0454	SL0454
SL1344_0455	SL0455
SL1344_0456	SL0456
SL1344_0457	SL0457
SL1344_0458	SL0458
SL1344_0459	SL0459
SL1344_0460	SL0460
SL1344_0461	SL0461
SL1344_0462	SL0462
SL1344_0464	SL0464
SL1344_0465	SL0465
SL1344_0466	SL0466
SL1344_0467	SL0467
SL1344_0468	SL0468
SL1344_0469	SL0469
SL1344_0470	SL0470
SL1344_0471	SL0471
SL1344_0472	SL0472
SL1344_0473	SL0473
SL1344_0474	SL0474
SL1344_0476	SL0476
SL1344_0477	SL0477
SL1344_0478	SL0478
SL1344_0479	SL0479
SL1344_0480	SL0480
SL1344_0481	SL0481
SL1344_0482	SL0482
SL1344_0483	SL0483
SL1344_0484	SL0484
SL1344_0485	SL0485
SL1344_0486	SL0486
SL1344_0487	SL0487
SL1344_0488	SL0488
SL1344_0489	SL0489
SL1344_0490	SL0490
SL1344_0491	SL0491
SL1344_0492	SL0492
SL1344_0493	SL0493
SL1344_0494	SL0494
SL1344_0495	SL0495
SL1344_0496	SL0496
SL1344_0497	SL0497
SL1344_0498	SL0498
SL1344_0499	SL0499
SL1344_0500	SL0500
SL1344_0501	SL0501
SL1344_0502	SL0502
SL1344_0503	SL0503
SL1344_0504	SL0504
SL1344_0505	SL0505
SL1344_0506	SL0506
SL1344_0507	SL0507
SL1344_0508	SL0508
SL1344_0509	SL0509
SL1344_0510	SL0510
SL1344_0511	SL0511
SL1344_0512	SL0512
SL1344_0513	SL0513
SL1344_0515	SL0515
SL1344_0516	SL0516
SL1344_0517	SL0517
SL1344_0518	SL0518
SL1344_0519	SL0519
SL1344_0520	SL0520
SL1344_0521	SL0521
SL1344_0522	SL0522
SL1344_0523	SL0523
SL1344_0524	SL0524
SL1344_0525	SL0525
SL1344_0526	SL0526
SL1344_0527	SL0527
SL1344_0528	SL0528
SL1344_0529	SL0529
SL1344_0530	SL0530
SL1344_0531	SL0531
SL1344_0532	SL0532
SL1344_0533	SL0533
SL1344_0534	SL0534
SL1344_0535	SL0535
SL1344_0536	SL0536
SL1344_0537	SL0537
SL1344_0538	SL0538
SL1344_0539	SL0539
SL1344_0540	SL0540
SL1344_0541	SL0541
SL1344_0542	SL0542
SL1344_0543	SL0543
SL1344_0544	SL0544
SL1344_0545	SL0545
SL1344_0547	SL0547
SL1344_0548	SL0548
SL1344_0549	SL0549
SL1344_0550	SL0550
SL1344_0550A	SL0550A
SL1344_0551	SL0551
SL1344_0552	SL0552
SL1344_0553	SL0553
SL1344_0554	SL0554
SL1344_0555	SL0555
SL1344_0556	SL0556
SL1344_0557	SL0557
SL1344_0558	SL0558
SL1344_0559	SL0559
SL1344_0560	SL0560
SL1344_0561	SL0561
SL1344_0562	SL0562
SL1344_0563	SL0563
SL1344_0564	SL0564
SL1344_0565	SL0565
SL1344_0566	SL0566
SL1344_0567	SL0567
SL1344_0568	SL0568
SL1344_0569	SL0569
SL1344_0570	SL0570
SL1344_0571	SL0571
SL1344_0572	SL0572
SL1344_0573	SL0573
SL1344_0574	SL0574
SL1344_0575	SL0575
SL1344_0576	SL0576
SL1344_0577	SL0577
SL1344_0578	SL0578
SL1344_0579	SL0579
SL1344_0580	SL0580
SL1344_0581	SL0581
SL1344_0582	SL0582
SL1344_0583	SL0583
SL1344_0584	SL0584
SL1344_0585	SL0585
SL1344_0586	SL0586
SL1344_0587	SL0587
SL1344_0588	SL0588
SL1344_0589	SL0589
SL1344_0590	SL0590
SL1344_0591	SL0591
SL1344_0592	SL0592
SL1344_0593	SL0593
SL1344_0594	SL0594
SL1344_0595	SL0595
SL1344_0596	SL0596
SL1344_0597	SL0597
SL1344_0598	SL0598
SL1344_0599	SL0599
SL1344_0600	SL0600
SL1344_0601	SL0601
SL1344_0602	SL0602
SL1344_0603	SL0603
SL1344_0604	SL0604
SL1344_0605	SL0605
SL1344_0606	SL0606
SL1344_0607	SL0607
SL1344_0608	SL0608
SL1344_0609	SL0609
SL1344_0610	SL0610
SL1344_0611	SL0611
SL1344_0612	SL0612
SL1344_0613	SL0613
SL1344_0614	SL0614
SL1344_0615	SL0615
SL1344_0616	SL0616
SL1344_0617	SL0617
SL1344_0618	SL0618
SL1344_0619	SL0619
SL1344_0620	SL0620
SL1344_0621	SL0621
SL1344_0622	SL0622
SL1344_0623	SL0623
SL1344_0624	SL0624
SL1344_0625	SL0625
SL1344_0627	SL0627
SL1344_0628	SL0628
SL1344_0629	SL0629
SL1344_0630	SL0630
SL1344_0631	SL0631
SL1344_0632	SL0632
SL1344_0633	SL0633
SL1344_0634	SL0634
SL1344_0635	SL0635
SL1344_0636	SL0636
SL1344_0637	SL0637
SL1344_0638	SL0638
SL1344_0639	SL0639
SL1344_0640	SL0640
SL1344_0641	SL0641
SL1344_0642	SL0642
SL1344_0643	SL0643
SL1344_0644	SL0644
SL1344_0645	SL0645
SL1344_0647	SL0647
SL1344_0648	SL0648
SL1344_0649	SL0649
SL1344_0650	SL0650
SL1344_0651	SL0651
SL1344_0652	SL0652
SL1344_0653	SL0653
SL1344_0654	SL0654
SL1344_0655	SL0655
SL1344_0656	SL0656
SL1344_0657	SL0657
SL1344_0658	SL0658
SL1344_0659	SL0659
SL1344_0660	SL0660
SL1344_0661	SL0661
SL1344_0662	SL0662
SL1344_0663	SL0663
SL1344_0664	SL0664
SL1344_0665	SL0665
SL1344_0666	SL0666
SL1344_0667	SL0667
SL1344_0668	SL0668
SL1344_0669	SL0669
SL1344_0670	SL0670
SL1344_0671	SL0671
SL1344_0672	SL0672
SL1344_0673	SL0673
SL1344_0674	SL0674
SL1344_0675	SL0675
SL1344_0676	SL0676
SL1344_0677	SL0677
SL1344_0678	SL0678
SL1344_0679	SL0679
SL1344_0680	SL0680
SL1344_0681	SL0681
SL1344_0682	SL0682
SL1344_0683	SL0683
SL1344_0684	SL0684
SL1344_0685	SL0685
SL1344_0686	SL0686
SL1344_0687	SL0687
SL1344_0688	SL0688
SL1344_0688A	SL0688A
SL1344_0689	SL0689
SL1344_0690	SL0690
SL1344_0691	SL0691
SL1344_0692	SL0692
SL1344_0693	SL0693
SL1344_0694	SL0694
SL1344_0695	SL0695
SL1344_0696	SL0696
SL1344_0697	SL0697
SL1344_0698	SL0698
SL1344_0699	SL0699
SL1344_0700	SL0700
SL1344_0702	SL0702
SL1344_0703	SL0703
SL1344_0704	SL0704
SL1344_0705	SL0705
SL1344_0706	SL0706
SL1344_0707	SL0707
SL1344_0708	SL0708
SL1344_0709	SL0709
SL1344_0710	SL0710
SL1344_0711	SL0711
SL1344_0712	SL0712
SL1344_0713	SL0713
SL1344_0714	SL0714
SL1344_0715	SL0715
SL1344_0716	SL0716
SL1344_0717	SL0717
SL1344_0718	SL0718
SL1344_0719	SL0719
SL1344_0720	SL0720
SL1344_0721	SL0721
SL1344_0722	SL0722
SL1344_0723	SL0723
SL1344_0724	SL0724
SL1344_0725	SL0725
SL1344_0726	SL0726
SL1344_0727	SL0727
SL1344_0728	SL0728
SL1344_0729	SL0729
SL1344_0730	SL0730
SL1344_0731	SL0731
SL1344_0732	SL0732
SL1344_0733	SL0733
SL1344_0734	SL0734
SL1344_0735	SL0735
SL1344_0736	SL0736
SL1344_0737	SL0737
SL1344_0738	SL0738
SL1344_0739	SL0739
SL1344_0740	SL0740
SL1344_0741	SL0741
SL1344_0742	SL0742
SL1344_0743	SL0743
SL1344_0745	SL0745
SL1344_0746	SL0746
SL1344_0747	SL0747
SL1344_0748	SL0748
SL1344_0749	SL0749
SL1344_0750	SL0750
SL1344_0751	SL0751
SL1344_0752	SL0752
SL1344_0753	SL0753
SL1344_0754	SL0754
SL1344_0755	SL0755
SL1344_0756	SL0756
SL1344_0757	SL0757
SL1344_0758	SL0758
SL1344_0759	SL0759
SL1344_0760	SL0760
SL1344_0761	SL0761
SL1344_0762	SL0762
SL1344_0763	SL0763
SL1344_0764	SL0764
SL1344_0765	SL0765
SL1344_0766	SL0766
SL1344_0767	SL0767
SL1344_0768	SL0768
SL1344_0769	SL0769
SL1344_0770	SL0770
SL1344_0771	SL0771
SL1344_0772	SL0772
SL1344_0773	SL0773
SL1344_0774	SL0774
SL1344_0775	SL0775
SL1344_0776	SL0776
SL1344_0777	SL0777
SL1344_0778	SL0778
SL1344_0779	SL0779
SL1344_0780	SL0780
SL1344_0781	SL0781
SL1344_0782	SL0782
SL1344_0783	SL0783
SL1344_0784	SL0784
SL1344_0785	SL0785
SL1344_0786	SL0786
SL1344_0787	SL0787
SL1344_0788	SL0788
SL1344_0789	SL0789
SL1344_0790	SL0790
SL1344_0791	SL0791
SL1344_0792	SL0792
SL1344_0793	SL0793
SL1344_0794	SL0794
SL1344_0795	SL0795
SL1344_0796	SL0796
SL1344_0797	SL0797
SL1344_0798	SL0798
SL1344_0799	SL0799
SL1344_0800	SL0800
SL1344_0801	SL0801
SL1344_0802	SL0802
SL1344_0803	SL0803
SL1344_0804	SL0804
SL1344_0805	SL0805
SL1344_0806	SL0806
SL1344_0807	SL0807
SL1344_0808	SL0808
SL1344_0809	SL0809
SL1344_0810	SL0810
SL1344_0811	SL0811
SL1344_0812	SL0812
SL1344_0813	SL0813
SL1344_0814	SL0814
SL1344_0815	SL0815
SL1344_0817	SL0817
SL1344_0818	SL0818
SL1344_0819	SL0819
SL1344_0820	SL0820
SL1344_0821	SL0821
SL1344_0822	SL0822
SL1344_0823	SL0823
SL1344_0824	SL0824
SL1344_0825	SL0825
SL1344_0826	SL0826
SL1344_0827	SL0827
SL1344_0828	SL0828
SL1344_0829	SL0829
SL1344_0830	SL0830
SL1344_0831	SL0831
SL1344_0832	SL0832
SL1344_0833	SL0833
SL1344_0834	SL0834
SL1344_0835	SL0835
SL1344_0836	SL0836
SL1344_0837	SL0837
SL1344_0838	SL0838
SL1344_0839	SL0839
SL1344_0840	SL0840
SL1344_0841	SL0841
SL1344_0842	SL0842
SL1344_0843	SL0843
SL1344_0844	SL0844
SL1344_0845	SL0845
SL1344_0846	SL0846
SL1344_0847	SL0847
SL1344_0848	SL0848
SL1344_0849	SL0849
SL1344_0850	SL0850
SL1344_0852	SL0852
SL1344_0853	SL0853
SL1344_0854	SL0854
SL1344_0855	SL0855
SL1344_0856	SL0856
SL1344_0857	SL0857
SL1344_0858	SL0858
SL1344_0859	SL0859
SL1344_0860	SL0860
SL1344_0861	SL0861
SL1344_0862	SL0862
SL1344_0863	SL0863
SL1344_0864	SL0864
SL1344_0865	SL0865
SL1344_0866	SL0866
SL1344_0867	SL0867
SL1344_0868	SL0868
SL1344_0869	SL0869
SL1344_0870	SL0870
SL1344_0871	SL0871
SL1344_0872	SL0872
SL1344_0873	SL0873
SL1344_0874	SL0874
SL1344_0875	SL0875
SL1344_0876	SL0876
SL1344_0877	SL0877
SL1344_0878	SL0878
SL1344_0879	SL0879
SL1344_0880	SL0880
SL1344_0881	SL0881
SL1344_0882	SL0882
SL1344_0883	SL0883
SL1344_0884	SL0884
SL1344_0885	SL0885
SL1344_0886	SL0886
SL1344_0887	SL0887
SL1344_0888	SL0888
SL1344_0889	SL0889
SL1344_0890	SL0890
SL1344_0891	SL0891
SL1344_0892	SL0892
SL1344_0893	SL0893
SL1344_0894	SL0894
SL1344_0895	SL0895
SL1344_0896	SL0896
SL1344_0897	SL0897
SL1344_0898	SL0898
SL1344_0899	SL0899
SL1344_0900	SL0900
SL1344_0901	SL0901
SL1344_0902	SL0902
SL1344_0903	SL0903
SL1344_0904	SL0904
SL1344_0905	SL0905
SL1344_0906	SL0906
SL1344_0907	SL0907
SL1344_0908	SL0908
SL1344_0909	SL0909
SL1344_0910	SL0910
SL1344_0911	SL0911
SL1344_0912	SL0912
SL1344_0913	SL0913
SL1344_0914	SL0914
SL1344_0915	SL0915
SL1344_0916	SL0916
SL1344_0917	SL0917
SL1344_0918	SL0918
SL1344_0919	SL0919
SL1344_0920	SL0920
SL1344_0921	SL0921
SL1344_0922	SL0922
SL1344_0923	SL0923
SL1344_0924	SL0924
SL1344_0925	SL0925
SL1344_0926	SL0926
SL1344_0927	SL0927
SL1344_0928	SL0928
SL1344_0929	SL0929
SL1344_0930	SL0930
SL1344_0931	SL0931
SL1344_0932	SL0932
SL1344_0933	SL0933
SL1344_0934	SL0934
SL1344_0935	SL0935
SL1344_0936	SL0936
SL1344_0937	SL0937
SL1344_0938	SL0938
SL1344_0939	SL0939
SL1344_0940	SL0940
SL1344_0941	SL0941
SL1344_0942	SL0942
SL1344_0943	SL0943
SL1344_0944	SL0944
SL1344_0945	SL0945
SL1344_0946	SL0946
SL1344_0947	SL0947
SL1344_0948	SL0948
SL1344_0949	SL0949
SL1344_0950	SL0950
SL1344_0951	SL0951
SL1344_0952	SL0952
SL1344_0953	SL0953
SL1344_0954	SL0954
SL1344_0955	SL0955
SL1344_0956	SL0956
SL1344_0957	SL0957
SL1344_0958	SL0958
SL1344_0959	SL0959
SL1344_0960	SL0960
SL1344_0961	SL0961
SL1344_0962	SL0962
SL1344_0963	SL0963
SL1344_0964	SL0964
SL1344_0965	SL0965
SL1344_0965A	SL0965A
SL1344_0966	SL0966
SL1344_0967	SL0967
SL1344_0968	SL0968
SL1344_0969	SL0969
SL1344_0971	SL0971
SL1344_0972	SL0972
SL1344_0973	SL0973
SL1344_0974	SL0974
SL1344_0975	SL0975
SL1344_0976	SL0976
SL1344_0977	SL0977
SL1344_0978	SL0978
SL1344_0979	SL0979
SL1344_0980	SL0980
SL1344_0981	SL0981
SL1344_0982	SL0982
SL1344_0983	SL0983
SL1344_0984	SL0984
SL1344_0985	SL0985
SL1344_0986	SL0986
SL1344_0987	SL0987
SL1344_0988	SL0988
SL1344_0989	SL0989
SL1344_0990	SL0990
SL1344_0991	SL0991
SL1344_0992	SL0992
SL1344_0993	SL0993
SL1344_0994	SL0994
SL1344_0995	SL0995
SL1344_0996	SL0996
SL1344_0997	SL0997
SL1344_0998	SL0998
SL1344_0999	SL0999
SL1344_1000	SL1000
SL1344_1001	SL1001
SL1344_1002	SL1002
SL1344_1003	SL1003
SL1344_1004	SL1004
SL1344_1005	SL1005
SL1344_1006	SL1006
SL1344_1007	SL1007
SL1344_1008	SL1008
SL1344_1009	SL1009
SL1344_1010	SL1010
SL1344_1011	SL1011
SL1344_1012	SL1012
SL1344_1013	SL1013
SL1344_1014	SL1014
SL1344_1015	SL1015
SL1344_1016	SL1016
SL1344_1017	SL1017
SL1344_1018	SL1018
SL1344_1019	SL1019
SL1344_1020	SL1020
SL1344_1021	SL1021
SL1344_1022	SL1022
SL1344_1023	SL1023
SL1344_1024	SL1024
SL1344_1025	SL1025
SL1344_1026	SL1026
SL1344_1027	SL1027
SL1344_1028	SL1028
SL1344_1029	SL1029
SL1344_1030	SL1030
SL1344_1031	SL1031
SL1344_1032	SL1032
SL1344_1033	SL1033
SL1344_1034	SL1034
SL1344_1035	SL1035
SL1344_1036	SL1036
SL1344_1037	SL1037
SL1344_1038	SL1038
SL1344_1039	SL1039
SL1344_1040	SL1040
SL1344_1041	SL1041
SL1344_1042	SL1042
SL1344_1043	SL1043
SL1344_1044	SL1044
SL1344_1045	SL1045
SL1344_1046	SL1046
SL1344_1047	SL1047
SL1344_1048	SL1048
SL1344_1049	SL1049
SL1344_1050	SL1050
SL1344_1051	SL1051
SL1344_1052	SL1052
SL1344_1053	SL1053
SL1344_1054	SL1054
SL1344_1055	SL1055
SL1344_1056	SL1056
SL1344_1057	SL1057
SL1344_1058	SL1058
SL1344_1059	SL1059
SL1344_1060	SL1060
SL1344_1061	SL1061
SL1344_1062	SL1062
SL1344_1063	SL1063
SL1344_1064	SL1064
SL1344_1065	SL1065
SL1344_1066	SL1066
SL1344_1067	SL1067
SL1344_1068	SL1068
SL1344_1069	SL1069
SL1344_1070	SL1070
SL1344_1071	SL1071
SL1344_1072	SL1072
SL1344_1073	SL1073
SL1344_1074	SL1074
SL1344_1075	SL1075
SL1344_1076	SL1076
SL1344_1077	SL1077
SL1344_1078	SL1078
SL1344_1079	SL1079
SL1344_1080	SL1080
SL1344_1081	SL1081
SL1344_1082	SL1082
SL1344_1083	SL1083
SL1344_1084	SL1084
SL1344_1085	SL1085
SL1344_1086	SL1086
SL1344_1087	SL1087
SL1344_1088	SL1088
SL1344_1089	SL1089
SL1344_1090	SL1090
SL1344_1091	SL1091
SL1344_1092	SL1092
SL1344_1093	SL1093
SL1344_1094	SL1094
SL1344_1095	SL1095
SL1344_1096	SL1096
SL1344_1097	SL1097
SL1344_1098	SL1098
SL1344_1099	SL1099
SL1344_1100	SL1100
SL1344_1101	SL1101
SL1344_1102	SL1102
SL1344_1103	SL1103
SL1344_1104	SL1104
SL1344_1105	SL1105
SL1344_1106	SL1106
SL1344_1107	SL1107
SL1344_1108	SL1108
SL1344_1109	SL1109
SL1344_1110	SL1110
SL1344_1111	SL1111
SL1344_1112	SL1112
SL1344_1113	SL1113
SL1344_1114	SL1114
SL1344_1115	SL1115
SL1344_1116	SL1116
SL1344_1117	SL1117
SL1344_1118	SL1118
SL1344_1119	SL1119
SL1344_1120	SL1120
SL1344_1121	SL1121
SL1344_1122	SL1122
SL1344_1123	SL1123
SL1344_1124	SL1124
SL1344_1125	SL1125
SL1344_1126	SL1126
SL1344_1127	SL1127
SL1344_1128	SL1128
SL1344_1129	SL1129
SL1344_1130	SL1130
SL1344_1131	SL1131
SL1344_1132	SL1132
SL1344_1133	SL1133
SL1344_1134	SL1134
SL1344_1135	SL1135
SL1344_1136	SL1136
SL1344_1137	SL1137
SL1344_1138	SL1138
SL1344_1139	SL1139
SL1344_1140	SL1140
SL1344_1141	SL1141
SL1344_1142	SL1142
SL1344_1143	SL1143
SL1344_1144	SL1144
SL1344_1145	SL1145
SL1344_1146	SL1146
SL1344_1147	SL1147
SL1344_1148	SL1148
SL1344_1149	SL1149
SL1344_1150	SL1150
SL1344_1151	SL1151
SL1344_1152	SL1152
SL1344_1153	SL1153
SL1344_1154	SL1154
SL1344_1155	SL1155
SL1344_1156	SL1156
SL1344_1157	SL1157
SL1344_1158	SL1158
SL1344_1159	SL1159
SL1344_1160	SL1160
SL1344_1161	SL1161
SL1344_1162	SL1162
SL1344_1163	SL1163
SL1344_1164	SL1164
SL1344_1166	SL1166
SL1344_1167	SL1167
SL1344_1168	SL1168
SL1344_1169	SL1169
SL1344_1170	SL1170
SL1344_1171	SL1171
SL1344_1172	SL1172
SL1344_1173	SL1173
SL1344_1174	SL1174
SL1344_1175	SL1175
SL1344_1176	SL1176
SL1344_1177	SL1177
SL1344_1179	SL1179
SL1344_1180	SL1180
SL1344_1181	SL1181
SL1344_1182	SL1182
SL1344_1183	SL1183
SL1344_1184	SL1184
SL1344_1185	SL1185
SL1344_1186	SL1186
SL1344_1187	SL1187
SL1344_1188	SL1188
SL1344_1189	SL1189
SL1344_1190	SL1190
SL1344_1191	SL1191
SL1344_1192	SL1192
SL1344_1193	SL1193
SL1344_1194	SL1194
SL1344_1195	SL1195
SL1344_1196	SL1196
SL1344_1197	SL1197
SL1344_1198	SL1198
SL1344_1199	SL1199
SL1344_1200	SL1200
SL1344_1201	SL1201
SL1344_1202	SL1202
SL1344_1203	SL1203
SL1344_1204	SL1204
SL1344_1205	SL1205
SL1344_1206	SL1206
SL1344_1207	SL1207
SL1344_1208	SL1208
SL1344_1209	SL1209
SL1344_1210	SL1210
SL1344_1211	SL1211
SL1344_1212	SL1212
SL1344_1213	SL1213
SL1344_1214	SL1214
SL1344_1215	SL1215
SL1344_1216	SL1216
SL1344_1217	SL1217
SL1344_1218	SL1218
SL1344_1219	SL1219
SL1344_1220	SL1220
SL1344_1221	SL1221
SL1344_1222	SL1222
SL1344_1223	SL1223
SL1344_1224	SL1224
SL1344_1224A	SL1224A
SL1344_1225	SL1225
SL1344_1226	SL1226
SL1344_1227	SL1227
SL1344_1228	SL1228
SL1344_1229	SL1229
SL1344_1230	SL1230
SL1344_1231	SL1231
SL1344_1232	SL1232
SL1344_1233	SL1233
SL1344_1234	SL1234
SL1344_1235	SL1235
SL1344_1236	SL1236
SL1344_1237	SL1237
SL1344_1238	SL1238
SL1344_1239	SL1239
SL1344_1240	SL1240
SL1344_1241	SL1241
SL1344_1242	SL1242
SL1344_1243	SL1243
SL1344_1244	SL1244
SL1344_1245	SL1245
SL1344_1246	SL1246
SL1344_1247	SL1247
SL1344_1248	SL1248
SL1344_1249	SL1249
SL1344_1250	SL1250
SL1344_1251	SL1251
SL1344_1252	SL1252
SL1344_1253	SL1253
SL1344_1254	SL1254
SL1344_1255	SL1255
SL1344_1256	SL1256
SL1344_1257	SL1257
SL1344_1258	SL1258
SL1344_1259	SL1259
SL1344_1260	SL1260
SL1344_1261	SL1261
SL1344_1262	SL1262
SL1344_1263	SL1263
SL1344_1264	SL1264
SL1344_1265	SL1265
SL1344_1266	SL1266
SL1344_1267	SL1267
SL1344_1268	SL1268
SL1344_1269	SL1269
SL1344_1270	SL1270
SL1344_1271	SL1271
SL1344_1272	SL1272
SL1344_1273	SL1273
SL1344_1274	SL1274
SL1344_1275	SL1275
SL1344_1276	SL1276
SL1344_1277	SL1277
SL1344_1278	SL1278
SL1344_1279	SL1279
SL1344_1280	SL1280
SL1344_1281	SL1281
SL1344_1282	SL1282
SL1344_1283	SL1283
SL1344_1284	SL1284
SL1344_1285	SL1285
SL1344_1286	SL1286
SL1344_1287	SL1287
SL1344_1288	SL1288
SL1344_1289	SL1289
SL1344_1290	SL1290
SL1344_1291	SL1291
SL1344_1292	SL1292
SL1344_1293	SL1293
SL1344_1294	SL1294
SL1344_1296	SL1296
SL1344_1297	SL1297
SL1344_1298	SL1298
SL1344_1299	SL1299
SL1344_1300	SL1300
SL1344_1301	SL1301
SL1344_1302	SL1302
SL1344_1303	SL1303
SL1344_1304	SL1304
SL1344_1305	SL1305
SL1344_1306	SL1306
SL1344_1307	SL1307
SL1344_1308	SL1308
SL1344_1309	SL1309
SL1344_1310	SL1310
SL1344_1311	SL1311
SL1344_1312	SL1312
SL1344_1313	SL1313
SL1344_1314	SL1314
SL1344_1315	SL1315
SL1344_1316	SL1316
SL1344_1317	SL1317
SL1344_1318	SL1318
SL1344_1319	SL1319
SL1344_1320	SL1320
SL1344_1321	SL1321
SL1344_1322	SL1322
SL1344_1323	SL1323
SL1344_1324	SL1324
SL1344_1325	SL1325
SL1344_1326	SL1326
SL1344_1327	SL1327
SL1344_1328	SL1328
SL1344_1329	SL1329
SL1344_1330	SL1330
SL1344_1330A	SL1330A
SL1344_1332	SL1332
SL1344_1333	SL1333
SL1344_1334	SL1334
SL1344_1335	SL1335
SL1344_1336	SL1336
SL1344_1337	SL1337
SL1344_1338	SL1338
SL1344_1339	SL1339
SL1344_1340	SL1340
SL1344_1341	SL1341
SL1344_1342	SL1342
SL1344_1343	SL1343
SL1344_1344	SL1344
SL1344_1345	SL1345
SL1344_1346	SL1346
SL1344_1347	SL1347
SL1344_1348	SL1348
SL1344_1349	SL1349
SL1344_1350	SL1350
SL1344_1351	SL1351
SL1344_1352	SL1352
SL1344_1353	SL1353
SL1344_1354	SL1354
SL1344_1355	SL1355
SL1344_1356	SL1356
SL1344_1357	SL1357
SL1344_1358	SL1358
SL1344_1359	SL1359
SL1344_1360	SL1360
SL1344_1361	SL1361
SL1344_1362	SL1362
SL1344_1363	SL1363
SL1344_1364	SL1364
SL1344_1365	SL1365
SL1344_1366	SL1366
SL1344_1367	SL1367
SL1344_1368	SL1368
SL1344_1369	SL1369
SL1344_1370	SL1370
SL1344_1371	SL1371
SL1344_1372	SL1372
SL1344_1373	SL1373
SL1344_1374	SL1374
SL1344_1375	SL1375
SL1344_1376	SL1376
SL1344_1377	SL1377
SL1344_1378	SL1378
SL1344_1379	SL1379
SL1344_1380	SL1380
SL1344_1381	SL1381
SL1344_1382	SL1382
SL1344_1383	SL1383
SL1344_1384	SL1384
SL1344_1385	SL1385
SL1344_1386	SL1386
SL1344_1387	SL1387
SL1344_1388	SL1388
SL1344_1389	SL1389
SL1344_1390	SL1390
SL1344_1391	SL1391
SL1344_1392	SL1392
SL1344_1393	SL1393
SL1344_1393A	SL1393A
SL1344_1394	SL1394
SL1344_1395	SL1395
SL1344_1396	SL1396
SL1344_1397	SL1397
SL1344_1398	SL1398
SL1344_1400	SL1400
SL1344_1401	SL1401
SL1344_1402	SL1402
SL1344_1403	SL1403
SL1344_1404	SL1404
SL1344_1405	SL1405
SL1344_1406	SL1406
SL1344_1407	SL1407
SL1344_1408	SL1408
SL1344_1409	SL1409
SL1344_1410	SL1410
SL1344_1411	SL1411
SL1344_1412	SL1412
SL1344_1413	SL1413
SL1344_1414	SL1414
SL1344_1415	SL1415
SL1344_1416	SL1416
SL1344_1417	SL1417
SL1344_1418	SL1418
SL1344_1419	SL1419
SL1344_1420	SL1420
SL1344_1421	SL1421
SL1344_1422	SL1422
SL1344_1423	SL1423
SL1344_1424	SL1424
SL1344_1425	SL1425
SL1344_1426	SL1426
SL1344_1427	SL1427
SL1344_1428	SL1428
SL1344_1429	SL1429
SL1344_1430	SL1430
SL1344_1431	SL1431
SL1344_1432	SL1432
SL1344_1433	SL1433
SL1344_1434	SL1434
SL1344_1435	SL1435
SL1344_1436	SL1436
SL1344_1437	SL1437
SL1344_1438	SL1438
SL1344_1439	SL1439
SL1344_1440	SL1440
SL1344_1441	SL1441
SL1344_1442	SL1442
SL1344_1443	SL1443
SL1344_1444	SL1444
SL1344_1445	SL1445
SL1344_1446	SL1446
SL1344_1447	SL1447
SL1344_1448	SL1448
SL1344_1449	SL1449
SL1344_1450	SL1450
SL1344_1451	SL1451
SL1344_1452	SL1452
SL1344_1453	SL1453
SL1344_1454	SL1454
SL1344_1455	SL1455
SL1344_1456	SL1456
SL1344_1457	SL1457
SL1344_1458	SL1458
SL1344_1459	SL1459
SL1344_1460	SL1460
SL1344_1461	SL1461
SL1344_1462	SL1462
SL1344_1463	SL1463
SL1344_1464	SL1464
SL1344_1465	SL1465
SL1344_1466	SL1466
SL1344_1467	SL1467
SL1344_1468	SL1468
SL1344_1469	SL1469
SL1344_1470	SL1470
SL1344_1471	SL1471
SL1344_1472	SL1472
SL1344_1473	SL1473
SL1344_1474	SL1474
SL1344_1475	SL1475
SL1344_1476	SL1476
SL1344_1477	SL1477
SL1344_1478	SL1478
SL1344_1479	SL1479
SL1344_1480	SL1480
SL1344_1481	SL1481
SL1344_1482	SL1482
SL1344_1484	SL1484
SL1344_1485	SL1485
SL1344_1486	SL1486
SL1344_1487	SL1487
SL1344_1488	SL1488
SL1344_1489	SL1489
SL1344_1490	SL1490
SL1344_1491	SL1491
SL1344_1492	SL1492
SL1344_1493	SL1493
SL1344_1494	SL1494
SL1344_1495	SL1495
SL1344_1496	SL1496
SL1344_1497	SL1497
SL1344_1498	SL1498
SL1344_1499	SL1499
SL1344_1500	SL1500
SL1344_1502	SL1502
SL1344_1503	SL1503
SL1344_1504	SL1504
SL1344_1505	SL1505
SL1344_1506	SL1506
SL1344_1507	SL1507
SL1344_1508	SL1508
SL1344_1509	SL1509
SL1344_1510	SL1510
SL1344_1511	SL1511
SL1344_1512	SL1512
SL1344_1513	SL1513
SL1344_1514	SL1514
SL1344_1515	SL1515
SL1344_1516	SL1516
SL1344_1517	SL1517
SL1344_1518	SL1518
SL1344_1519	SL1519
SL1344_1520	SL1520
SL1344_1521	SL1521
SL1344_1522	SL1522
SL1344_1523	SL1523
SL1344_1524	SL1524
SL1344_1525	SL1525
SL1344_1526	SL1526
SL1344_1527	SL1527
SL1344_1528	SL1528
SL1344_1529	SL1529
SL1344_1530	SL1530
SL1344_1530A	SL1530A
SL1344_1531	SL1531
SL1344_1532	SL1532
SL1344_1533	SL1533
SL1344_1534	SL1534
SL1344_1535	SL1535
SL1344_1536	SL1536
SL1344_1537	SL1537
SL1344_1538	SL1538
SL1344_1539	SL1539
SL1344_1540	SL1540
SL1344_1541	SL1541
SL1344_1542	SL1542
SL1344_1543	SL1543
SL1344_1544	SL1544
SL1344_1545	SL1545
SL1344_1546	SL1546
SL1344_1547	SL1547
SL1344_1548	SL1548
SL1344_1549	SL1549
SL1344_1550	SL1550
SL1344_1551	SL1551
SL1344_1552	SL1552
SL1344_1553	SL1553
SL1344_1554	SL1554
SL1344_1555	SL1555
SL1344_1556	SL1556
SL1344_1557	SL1557
SL1344_1558	SL1558
SL1344_1559	SL1559
SL1344_1560	SL1560
SL1344_1561	SL1561
SL1344_1562	SL1562
SL1344_1563	SL1563
SL1344_1564	SL1564
SL1344_1565	SL1565
SL1344_1566	SL1566
SL1344_1567	SL1567
SL1344_1568	SL1568
SL1344_1569	SL1569
SL1344_1570	SL1570
SL1344_1571	SL1571
SL1344_1572	SL1572
SL1344_1573	SL1573
SL1344_1574	SL1574
SL1344_1575	SL1575
SL1344_1576	SL1576
SL1344_1577	SL1577
SL1344_1578	SL1578
SL1344_1579	SL1579
SL1344_1580	SL1580
SL1344_1581	SL1581
SL1344_1582	SL1582
SL1344_1583	SL1583
SL1344_1584	SL1584
SL1344_1585	SL1585
SL1344_1586	SL1586
SL1344_1587	SL1587
SL1344_1588	SL1588
SL1344_1589	SL1589
SL1344_1590	SL1590
SL1344_1591	SL1591
SL1344_1592	SL1592
SL1344_1593	SL1593
SL1344_1594	SL1594
SL1344_1595	SL1595
SL1344_1596	SL1596
SL1344_1597	SL1597
SL1344_1598	SL1598
SL1344_1599	SL1599
SL1344_1600	SL1600
SL1344_1601	SL1601
SL1344_1602	SL1602
SL1344_1603	SL1603
SL1344_1604	SL1604
SL1344_1605	SL1605
SL1344_1606	SL1606
SL1344_1607	SL1607
SL1344_1608	SL1608
SL1344_1609	SL1609
SL1344_1610	SL1610
SL1344_1611	SL1611
SL1344_1612	SL1612
SL1344_1613	SL1613
SL1344_1614	SL1614
SL1344_1615	SL1615
SL1344_1616	SL1616
SL1344_1617	SL1617
SL1344_1618	SL1618
SL1344_1619	SL1619
SL1344_1620	SL1620
SL1344_1621	SL1621
SL1344_1622	SL1622
SL1344_1623	SL1623
SL1344_1624	SL1624
SL1344_1625	SL1625
SL1344_1626	SL1626
SL1344_1627	SL1627
SL1344_1628	SL1628
SL1344_1629	SL1629
SL1344_1630	SL1630
SL1344_1631	SL1631
SL1344_1632	SL1632
SL1344_1633	SL1633
SL1344_1634	SL1634
SL1344_1635	SL1635
SL1344_1636	SL1636
SL1344_1637	SL1637
SL1344_1638	SL1638
SL1344_1639	SL1639
SL1344_1640	SL1640
SL1344_1641	SL1641
SL1344_1642	SL1642
SL1344_1643	SL1643
SL1344_1644	SL1644
SL1344_1645	SL1645
SL1344_1646	SL1646
SL1344_1647	SL1647
SL1344_1648	SL1648
SL1344_1649	SL1649
SL1344_1650	SL1650
SL1344_1651	SL1651
SL1344_1652	SL1652
SL1344_1653	SL1653
SL1344_1654	SL1654
SL1344_1655	SL1655
SL1344_1656	SL1656
SL1344_1657	SL1657
SL1344_1658	SL1658
SL1344_1659	SL1659
SL1344_1660	SL1660
SL1344_1661	SL1661
SL1344_1662	SL1662
SL1344_1663	SL1663
SL1344_1664	SL1664
SL1344_1665	SL1665
SL1344_1666	SL1666
SL1344_1667	SL1667
SL1344_1668	SL1668
SL1344_1669	SL1669
SL1344_1670	SL1670
SL1344_1671	SL1671
SL1344_1672	SL1672
SL1344_1673	SL1673
SL1344_1674	SL1674
SL1344_1675	SL1675
SL1344_1676	SL1676
SL1344_1677	SL1677
SL1344_1678	SL1678
SL1344_1679	SL1679
SL1344_1680	SL1680
SL1344_1681	SL1681
SL1344_1682	SL1682
SL1344_1683	SL1683
SL1344_1684	SL1684
SL1344_1685	SL1685
SL1344_1686	SL1686
SL1344_1687	SL1687
SL1344_1688	SL1688
SL1344_1689	SL1689
SL1344_1690	SL1690
SL1344_1691	SL1691
SL1344_1692	SL1692
SL1344_1693	SL1693
SL1344_1694	SL1694
SL1344_1695	SL1695
SL1344_1696	SL1696
SL1344_1697	SL1697
SL1344_1698	SL1698
SL1344_1699	SL1699
SL1344_1700	SL1700
SL1344_1701	SL1701
SL1344_1702	SL1702
SL1344_1703	SL1703
SL1344_1704	SL1704
SL1344_1705	SL1705
SL1344_1706	SL1706
SL1344_1707	SL1707
SL1344_1708	SL1708
SL1344_1709	SL1709
SL1344_1710	SL1710
SL1344_1711	SL1711
SL1344_1712	SL1712
SL1344_1713	SL1713
SL1344_1714	SL1714
SL1344_1715	SL1715
SL1344_1716	SL1716
SL1344_1717	SL1717
SL1344_1718	SL1718
SL1344_1719	SL1719
SL1344_1720	SL1720
SL1344_1721	SL1721
SL1344_1722	SL1722
SL1344_1723	SL1723
SL1344_1724	SL1724
SL1344_1725	SL1725
SL1344_1726	SL1726
SL1344_1727	SL1727
SL1344_1728	SL1728
SL1344_1729	SL1729
SL1344_1730	SL1730
SL1344_1731	SL1731
SL1344_1732	SL1732
SL1344_1733	SL1733
SL1344_1734	SL1734
SL1344_1735	SL1735
SL1344_1736	SL1736
SL1344_1737	SL1737
SL1344_1738	SL1738
SL1344_1739	SL1739
SL1344_1740	SL1740
SL1344_1741	SL1741
SL1344_1742	SL1742
SL1344_1743	SL1743
SL1344_1744	SL1744
SL1344_1745	SL1745
SL1344_1747	SL1747
SL1344_1748	SL1748
SL1344_1749	SL1749
SL1344_1750	SL1750
SL1344_1751	SL1751
SL1344_1752	SL1752
SL1344_1753	SL1753
SL1344_1754	SL1754
SL1344_1755	SL1755
SL1344_1756	SL1756
SL1344_1757	SL1757
SL1344_1759	SL1759
SL1344_1760	SL1760
SL1344_1761	SL1761
SL1344_1762	SL1762
SL1344_1763	SL1763
SL1344_1764	SL1764
SL1344_1765	SL1765
SL1344_1766	SL1766
SL1344_1767	SL1767
SL1344_1768	SL1768
SL1344_1769	SL1769
SL1344_1770	SL1770
SL1344_1771	SL1771
SL1344_1772	SL1772
SL1344_1773	SL1773
SL1344_1774	SL1774
SL1344_1775	SL1775
SL1344_1776	SL1776
SL1344_1777	SL1777
SL1344_1778	SL1778
SL1344_1779	SL1779
SL1344_1780	SL1780
SL1344_1781	SL1781
SL1344_1782	SL1782
SL1344_1783	SL1783
SL1344_1784	SL1784
SL1344_1785	SL1785
SL1344_1786	SL1786
SL1344_1787	SL1787
SL1344_1788	SL1788
SL1344_1790	SL1790
SL1344_1791	SL1791
SL1344_1792	SL1792
SL1344_1793	SL1793
SL1344_1794	SL1794
SL1344_1795	SL1795
SL1344_1797	SL1797
SL1344_1799	SL1799
SL1344_1800	SL1800
SL1344_1801	SL1801
SL1344_1802	SL1802
SL1344_1803	SL1803
SL1344_1805	SL1805
SL1344_1806	SL1806
SL1344_1807	SL1807
SL1344_1808	SL1808
SL1344_1809	SL1809
SL1344_1810	SL1810
SL1344_1811	SL1811
SL1344_1812	SL1812
SL1344_1813	SL1813
SL1344_1814	SL1814
SL1344_1815	SL1815
SL1344_1816	SL1816
SL1344_1817	SL1817
SL1344_1818	SL1818
SL1344_1819	SL1819
SL1344_1820	SL1820
SL1344_1821	SL1821
SL1344_1822	SL1822
SL1344_1823	SL1823
SL1344_1824	SL1824
SL1344_1825	SL1825
SL1344_1826	SL1826
SL1344_1827	SL1827
SL1344_1828	SL1828
SL1344_1829	SL1829
SL1344_1830	SL1830
SL1344_1832	SL1832
SL1344_1833	SL1833
SL1344_1834	SL1834
SL1344_1835	SL1835
SL1344_1836	SL1836
SL1344_1837	SL1837
SL1344_1838	SL1838
SL1344_1839	SL1839
SL1344_1840	SL1840
SL1344_1841	SL1841
SL1344_1842	SL1842
SL1344_1843	SL1843
SL1344_1844	SL1844
SL1344_1845	SL1845
SL1344_1846	SL1846
SL1344_1847	SL1847
SL1344_1848	SL1848
SL1344_1849	SL1849
SL1344_1850	SL1850
SL1344_1851	SL1851
SL1344_1852	SL1852
SL1344_1853	SL1853
SL1344_1854	SL1854
SL1344_1855	SL1855
SL1344_1856	SL1856
SL1344_1857	SL1857
SL1344_1858	SL1858
SL1344_1859	SL1859
SL1344_1860	SL1860
SL1344_1861	SL1861
SL1344_1862	SL1862
SL1344_1863	SL1863
SL1344_1864	SL1864
SL1344_1865	SL1865
SL1344_1866	SL1866
SL1344_1867	SL1867
SL1344_1868	SL1868
SL1344_1869	SL1869
SL1344_1870	SL1870
SL1344_1871	SL1871
SL1344_1872	SL1872
SL1344_1873	SL1873
SL1344_1874	SL1874
SL1344_1875	SL1875
SL1344_1876	SL1876
SL1344_1877	SL1877
SL1344_1878	SL1878
SL1344_1879	SL1879
SL1344_1880	SL1880
SL1344_1881	SL1881
SL1344_1882	SL1882
SL1344_1883	SL1883
SL1344_1884	SL1884
SL1344_1885	SL1885
SL1344_1887	SL1887
SL1344_1888	SL1888
SL1344_1889	SL1889
SL1344_1890	SL1890
SL1344_1891	SL1891
SL1344_1892	SL1892
SL1344_1893	SL1893
SL1344_1894	SL1894
SL1344_1895	SL1895
SL1344_1896	SL1896
SL1344_1897	SL1897
SL1344_1898	SL1898
SL1344_1899	SL1899
SL1344_1900	SL1900
SL1344_1901	SL1901
SL1344_1902	SL1902
SL1344_1903	SL1903
SL1344_1904	SL1904
SL1344_1905	SL1905
SL1344_1906	SL1906
SL1344_1907	SL1907
SL1344_1908	SL1908
SL1344_1909	SL1909
SL1344_1910	SL1910
SL1344_1911	SL1911
SL1344_1912	SL1912
SL1344_1913	SL1913
SL1344_1914	SL1914
SL1344_1915	SL1915
SL1344_1916	SL1916
SL1344_1917	SL1917
SL1344_1918	SL1918
SL1344_1919	SL1919
SL1344_1920	SL1920
SL1344_1921	SL1921
SL1344_1922	SL1922
SL1344_1923	SL1923
SL1344_1924	SL1924
SL1344_1925	SL1925
SL1344_1926	SL1926
SL1344_1927	SL1927
SL1344_1927A	SL1927A
SL1344_1927B	SL1927B
SL1344_1928	SL1928
SL1344_1929	SL1929
SL1344_1930	SL1930
SL1344_1931	SL1931
SL1344_1934	SL1934
SL1344_1935	SL1935
SL1344_1936	SL1936
SL1344_1937	SL1937
SL1344_1938	SL1938
SL1344_1940	SL1940
SL1344_1941	SL1941
SL1344_1942	SL1942
SL1344_1943	SL1943
SL1344_1944	SL1944
SL1344_1945	SL1945
SL1344_1946	SL1946
SL1344_1947	SL1947
SL1344_1948	SL1948
SL1344_1949	SL1949
SL1344_1950	SL1950
SL1344_1951	SL1951
SL1344_1952	SL1952
SL1344_1953	SL1953
SL1344_1954	SL1954
SL1344_1955	SL1955
SL1344_1956	SL1956
SL1344_1957	SL1957
SL1344_1958	SL1958
SL1344_1959	SL1959
SL1344_1960	SL1960
SL1344_1961	SL1961
SL1344_1962	SL1962
SL1344_1963	SL1963
SL1344_1964	SL1964
SL1344_1965	SL1965
SL1344_1966	SL1966
SL1344_1967	SL1967
SL1344_1968	SL1968
SL1344_1969	SL1969
SL1344_1970	SL1970
SL1344_1971	SL1971
SL1344_1972	SL1972
SL1344_1973	SL1973
SL1344_1974	SL1974
SL1344_1975	SL1975
SL1344_1976	SL1976
SL1344_1977	SL1977
SL1344_1978	SL1978
SL1344_1979	SL1979
SL1344_1981	SL1981
SL1344_1982	SL1982
SL1344_1983	SL1983
SL1344_1985	SL1985
SL1344_1986	SL1986
SL1344_1987	SL1987
SL1344_1988	SL1988
SL1344_1989	SL1989
SL1344_1990	SL1990
SL1344_1991	SL1991
SL1344_1992	SL1992
SL1344_1993	SL1993
SL1344_1994	SL1994
SL1344_1995	SL1995
SL1344_1996	SL1996
SL1344_1997	SL1997
SL1344_1998	SL1998
SL1344_1999	SL1999
SL1344_2000	SL2000
SL1344_2001	SL2001
SL1344_2002	SL2002
SL1344_2003	SL2003
SL1344_2004	SL2004
SL1344_2005	SL2005
SL1344_2006	SL2006
SL1344_2007	SL2007
SL1344_2008	SL2008
SL1344_2009	SL2009
SL1344_2010	SL2010
SL1344_2011	SL2011
SL1344_2012	SL2012
SL1344_2013	SL2013
SL1344_2014	SL2014
SL1344_2015	SL2015
SL1344_2016	SL2016
SL1344_2017	SL2017
SL1344_2018	SL2018
SL1344_2019	SL2019
SL1344_2020	SL2020
SL1344_2021	SL2021
SL1344_2022	SL2022
SL1344_2023	SL2023
SL1344_2024	SL2024
SL1344_2025	SL2025
SL1344_2026	SL2026
SL1344_2027	SL2027
SL1344_2028	SL2028
SL1344_2029	SL2029
SL1344_2030	SL2030
SL1344_2031	SL2031
SL1344_2032	SL2032
SL1344_2033	SL2033
SL1344_2034	SL2034
SL1344_2035	SL2035
SL1344_2036	SL2036
SL1344_2037	SL2037
SL1344_2038	SL2038
SL1344_2039	SL2039
SL1344_2040	SL2040
SL1344_2041	SL2041
SL1344_2043	SL2043
SL1344_2044	SL2044
SL1344_2045	SL2045
SL1344_2046	SL2046
SL1344_2047	SL2047
SL1344_2048	SL2048
SL1344_2049	SL2049
SL1344_2050	SL2050
SL1344_2051	SL2051
SL1344_2052	SL2052
SL1344_2053	SL2053
SL1344_2054	SL2054
SL1344_2055	SL2055
SL1344_2056	SL2056
SL1344_2057	SL2057
SL1344_2058	SL2058
SL1344_2059	SL2059
SL1344_2060	SL2060
SL1344_2061	SL2061
SL1344_2062	SL2062
SL1344_2063	SL2063
SL1344_2064	SL2064
SL1344_2065	SL2065
SL1344_2066	SL2066
SL1344_2067	SL2067
SL1344_2068	SL2068
SL1344_2069	SL2069
SL1344_2070	SL2070
SL1344_2071	SL2071
SL1344_2072	SL2072
SL1344_2073	SL2073
SL1344_2074	SL2074
SL1344_2075	SL2075
SL1344_2076	SL2076
SL1344_2077	SL2077
SL1344_2078	SL2078
SL1344_2079	SL2079
SL1344_2080	SL2080
SL1344_2081	SL2081
SL1344_2082	SL2082
SL1344_2083	SL2083
SL1344_2084	SL2084
SL1344_2085	SL2085
SL1344_2086	SL2086
SL1344_2087	SL2087
SL1344_2088	SL2088
SL1344_2089	SL2089
SL1344_2090	SL2090
SL1344_2091	SL2091
SL1344_2092	SL2092
SL1344_2093	SL2093
SL1344_2094	SL2094
SL1344_2095	SL2095
SL1344_2096	SL2096
SL1344_2097	SL2097
SL1344_2098	SL2098
SL1344_2099	SL2099
SL1344_2100	SL2100
SL1344_2101	SL2101
SL1344_2102	SL2102
SL1344_2103	SL2103
SL1344_2104	SL2104
SL1344_2105	SL2105
SL1344_2106	SL2106
SL1344_2107	SL2107
SL1344_2108	SL2108
SL1344_2109	SL2109
SL1344_2110	SL2110
SL1344_2111	SL2111
SL1344_2112	SL2112
SL1344_2113	SL2113
SL1344_2114	SL2114
SL1344_2115	SL2115
SL1344_2116	SL2116
SL1344_2117	SL2117
SL1344_2118	SL2118
SL1344_2119	SL2119
SL1344_2120	SL2120
SL1344_2121	SL2121
SL1344_2122	SL2122
SL1344_2123	SL2123
SL1344_2124	SL2124
SL1344_2125	SL2125
SL1344_2126	SL2126
SL1344_2127	SL2127
SL1344_2128	SL2128
SL1344_2129	SL2129
SL1344_2130	SL2130
SL1344_2131	SL2131
SL1344_2132	SL2132
SL1344_2133	SL2133
SL1344_2134	SL2134
SL1344_2135	SL2135
SL1344_2136	SL2136
SL1344_2137	SL2137
SL1344_2138	SL2138
SL1344_2139	SL2139
SL1344_2140	SL2140
SL1344_2141	SL2141
SL1344_2142	SL2142
SL1344_2143	SL2143
SL1344_2144	SL2144
SL1344_2145	SL2145
SL1344_2146	SL2146
SL1344_2147	SL2147
SL1344_2148	SL2148
SL1344_2149	SL2149
SL1344_2150	SL2150
SL1344_2151	SL2151
SL1344_2152	SL2152
SL1344_2153	SL2153
SL1344_2154	SL2154
SL1344_2155	SL2155
SL1344_2156	SL2156
SL1344_2157	SL2157
SL1344_2158	SL2158
SL1344_2159	SL2159
SL1344_2160	SL2160
SL1344_2161	SL2161
SL1344_2162	SL2162
SL1344_2163	SL2163
SL1344_2164	SL2164
SL1344_2165	SL2165
SL1344_2166	SL2166
SL1344_2167	SL2167
SL1344_2168	SL2168
SL1344_2169	SL2169
SL1344_2170	SL2170
SL1344_2171	SL2171
SL1344_2172	SL2172
SL1344_2173	SL2173
SL1344_2174	SL2174
SL1344_2175	SL2175
SL1344_2176	SL2176
SL1344_2177	SL2177
SL1344_2178	SL2178
SL1344_2179	SL2179
SL1344_2180	SL2180
SL1344_2181	SL2181
SL1344_2182	SL2182
SL1344_2183	SL2183
SL1344_2184	SL2184
SL1344_2185	SL2185
SL1344_2186	SL2186
SL1344_2187	SL2187
SL1344_2188	SL2188
SL1344_2189	SL2189
SL1344_2190	SL2190
SL1344_2191	SL2191
SL1344_2192	SL2192
SL1344_2193	SL2193
SL1344_2194	SL2194
SL1344_2195	SL2195
SL1344_2196	SL2196
SL1344_2197	SL2197
SL1344_2198	SL2198
SL1344_2199	SL2199
SL1344_2200	SL2200
SL1344_2201	SL2201
SL1344_2202	SL2202
SL1344_2203	SL2203
SL1344_2204	SL2204
SL1344_2205	SL2205
SL1344_2206	SL2206
SL1344_2207	SL2207
SL1344_2208	SL2208
SL1344_2209	SL2209
SL1344_2210	SL2210
SL1344_2211	SL2211
SL1344_2212	SL2212
SL1344_2213	SL2213
SL1344_2214	SL2214
SL1344_2215	SL2215
SL1344_2216	SL2216
SL1344_2217	SL2217
SL1344_2218	SL2218
SL1344_2219	SL2219
SL1344_2220	SL2220
SL1344_2221	SL2221
SL1344_2222	SL2222
SL1344_2223	SL2223
SL1344_2223A	SL2223A
SL1344_2223B	SL2223B
SL1344_2223C	SL2223C
SL1344_2223D	SL2223D
SL1344_2223E	SL2223E
SL1344_2223F	SL2223F
SL1344_2224	SL2224
SL1344_2225	SL2225
SL1344_2226	SL2226
SL1344_2227	SL2227
SL1344_2228	SL2228
SL1344_2229	SL2229
SL1344_2230	SL2230
SL1344_2231	SL2231
SL1344_2232	SL2232
SL1344_2233	SL2233
SL1344_2234	SL2234
SL1344_2235	SL2235
SL1344_2236	SL2236
SL1344_2237	SL2237
SL1344_2238	SL2238
SL1344_2239	SL2239
SL1344_2240	SL2240
SL1344_2241	SL2241
SL1344_2242	SL2242
SL1344_2243	SL2243
SL1344_2244	SL2244
SL1344_2245	SL2245
SL1344_2246	SL2246
SL1344_2247	SL2247
SL1344_2248	SL2248
SL1344_2249	SL2249
SL1344_2250	SL2250
SL1344_2251	SL2251
SL1344_2252	SL2252
SL1344_2253	SL2253
SL1344_2254	SL2254
SL1344_2255	SL2255
SL1344_2256	SL2256
SL1344_2257	SL2257
SL1344_2258	SL2258
SL1344_2259	SL2259
SL1344_2260	SL2260
SL1344_2261	SL2261
SL1344_2262	SL2262
SL1344_2263	SL2263
SL1344_2264	SL2264
SL1344_2265	SL2265
SL1344_2266	SL2266
SL1344_2267	SL2267
SL1344_2268	SL2268
SL1344_2269	SL2269
SL1344_2270	SL2270
SL1344_2271	SL2271
SL1344_2272	SL2272
SL1344_2273	SL2273
SL1344_2274	SL2274
SL1344_2275	SL2275
SL1344_2276	SL2276
SL1344_2277	SL2277
SL1344_2278	SL2278
SL1344_2279	SL2279
SL1344_2280	SL2280
SL1344_2281	SL2281
SL1344_2282	SL2282
SL1344_2283	SL2283
SL1344_2284	SL2284
SL1344_2285	SL2285
SL1344_2286	SL2286
SL1344_2287	SL2287
SL1344_2288	SL2288
SL1344_2289	SL2289
SL1344_2290	SL2290
SL1344_2291	SL2291
SL1344_2292	SL2292
SL1344_2293	SL2293
SL1344_2294	SL2294
SL1344_2295	SL2295
SL1344_2296	SL2296
SL1344_2297	SL2297
SL1344_2298	SL2298
SL1344_2299	SL2299
SL1344_2300	SL2300
SL1344_2301	SL2301
SL1344_2302	SL2302
SL1344_2303	SL2303
SL1344_2304	SL2304
SL1344_2305	SL2305
SL1344_2306	SL2306
SL1344_2307	SL2307
SL1344_2308	SL2308
SL1344_2309	SL2309
SL1344_2310	SL2310
SL1344_2311	SL2311
SL1344_2312	SL2312
SL1344_2313	SL2313
SL1344_2314	SL2314
SL1344_2315	SL2315
SL1344_2316	SL2316
SL1344_2317	SL2317
SL1344_2318	SL2318
SL1344_2319	SL2319
SL1344_2320	SL2320
SL1344_2321	SL2321
SL1344_2322	SL2322
SL1344_2323	SL2323
SL1344_2324	SL2324
SL1344_2325	SL2325
SL1344_2326	SL2326
SL1344_2327	SL2327
SL1344_2328	SL2328
SL1344_2329	SL2329
SL1344_2330	SL2330
SL1344_2331	SL2331
SL1344_2332	SL2332
SL1344_2333	SL2333
SL1344_2334	SL2334
SL1344_2335	SL2335
SL1344_2336	SL2336
SL1344_2337	SL2337
SL1344_2338	SL2338
SL1344_2339	SL2339
SL1344_2340	SL2340
SL1344_2341	SL2341
SL1344_2342	SL2342
SL1344_2343	SL2343
SL1344_2344	SL2344
SL1344_2345	SL2345
SL1344_2346	SL2346
SL1344_2347	SL2347
SL1344_2348	SL2348
SL1344_2349	SL2349
SL1344_2350	SL2350
SL1344_2351	SL2351
SL1344_2352	SL2352
SL1344_2353	SL2353
SL1344_2354	SL2354
SL1344_2355	SL2355
SL1344_2356	SL2356
SL1344_2357	SL2357
SL1344_2358	SL2358
SL1344_2359	SL2359
SL1344_2360	SL2360
SL1344_2361	SL2361
SL1344_2362	SL2362
SL1344_2363	SL2363
SL1344_2364	SL2364
SL1344_2365	SL2365
SL1344_2366	SL2366
SL1344_2367	SL2367
SL1344_2368	SL2368
SL1344_2369	SL2369
SL1344_2370	SL2370
SL1344_2371	SL2371
SL1344_2372	SL2372
SL1344_2373	SL2373
SL1344_2374	SL2374
SL1344_2375	SL2375
SL1344_2376	SL2376
SL1344_2377	SL2377
SL1344_2378	SL2378
SL1344_2379	SL2379
SL1344_2380	SL2380
SL1344_2381	SL2381
SL1344_2382	SL2382
SL1344_2383	SL2383
SL1344_2384	SL2384
SL1344_2385	SL2385
SL1344_2386	SL2386
SL1344_2387	SL2387
SL1344_2388	SL2388
SL1344_2389	SL2389
SL1344_2390	SL2390
SL1344_2391	SL2391
SL1344_2392	SL2392
SL1344_2393	SL2393
SL1344_2394	SL2394
SL1344_2395	SL2395
SL1344_2396	SL2396
SL1344_2397	SL2397
SL1344_2398	SL2398
SL1344_2399	SL2399
SL1344_2400	SL2400
SL1344_2401	SL2401
SL1344_2402	SL2402
SL1344_2403	SL2403
SL1344_2404	SL2404
SL1344_2405	SL2405
SL1344_2406	SL2406
SL1344_2407	SL2407
SL1344_2408	SL2408
SL1344_2409	SL2409
SL1344_2410	SL2410
SL1344_2411	SL2411
SL1344_2412	SL2412
SL1344_2413	SL2413
SL1344_2414	SL2414
SL1344_2415	SL2415
SL1344_2416	SL2416
SL1344_2417	SL2417
SL1344_2418	SL2418
SL1344_2419	SL2419
SL1344_2420	SL2420
SL1344_2421	SL2421
SL1344_2422	SL2422
SL1344_2423	SL2423
SL1344_2424	SL2424
SL1344_2425	SL2425
SL1344_2426	SL2426
SL1344_2427	SL2427
SL1344_2428	SL2428
SL1344_2429	SL2429
SL1344_2430	SL2430
SL1344_2431	SL2431
SL1344_2432	SL2432
SL1344_2433	SL2433
SL1344_2434	SL2434
SL1344_2435	SL2435
SL1344_2436	SL2436
SL1344_2437	SL2437
SL1344_2438	SL2438
SL1344_2439	SL2439
SL1344_2440	SL2440
SL1344_2441	SL2441
SL1344_2442	SL2442
SL1344_2443	SL2443
SL1344_2444	SL2444
SL1344_2445	SL2445
SL1344_2446	SL2446
SL1344_2447	SL2447
SL1344_2448	SL2448
SL1344_2449	SL2449
SL1344_2450	SL2450
SL1344_2451	SL2451
SL1344_2452	SL2452
SL1344_2453	SL2453
SL1344_2454	SL2454
SL1344_2455	SL2455
SL1344_2456	SL2456
SL1344_2457	SL2457
SL1344_2458	SL2458
SL1344_2459	SL2459
SL1344_2460	SL2460
SL1344_2461	SL2461
SL1344_2462	SL2462
SL1344_2463	SL2463
SL1344_2464	SL2464
SL1344_2465	SL2465
SL1344_2466	SL2466
SL1344_2467	SL2467
SL1344_2468	SL2468
SL1344_2469	SL2469
SL1344_2470	SL2470
SL1344_2471	SL2471
SL1344_2472	SL2472
SL1344_2473	SL2473
SL1344_2474	SL2474
SL1344_2475	SL2475
SL1344_2477	SL2477
SL1344_2478	SL2478
SL1344_2479	SL2479
SL1344_2480	SL2480
SL1344_2481	SL2481
SL1344_2482	SL2482
SL1344_2483	SL2483
SL1344_2484	SL2484
SL1344_2485	SL2485
SL1344_2486	SL2486
SL1344_2487	SL2487
SL1344_2488	SL2488
SL1344_2489	SL2489
SL1344_2490	SL2490
SL1344_2491	SL2491
SL1344_2492	SL2492
SL1344_2493	SL2493
SL1344_2494	SL2494
SL1344_2495	SL2495
SL1344_2496	SL2496
SL1344_2497	SL2497
SL1344_2498	SL2498
SL1344_2499	SL2499
SL1344_2500	SL2500
SL1344_2501	SL2501
SL1344_2502	SL2502
SL1344_2503	SL2503
SL1344_2504	SL2504
SL1344_2505	SL2505
SL1344_2506	SL2506
SL1344_2507	SL2507
SL1344_2508	SL2508
SL1344_2509	SL2509
SL1344_2510	SL2510
SL1344_2511	SL2511
SL1344_2512	SL2512
SL1344_2513	SL2513
SL1344_2514	SL2514
SL1344_2515	SL2515
SL1344_2516	SL2516
SL1344_2517	SL2517
SL1344_2518	SL2518
SL1344_2519	SL2519
SL1344_2520	SL2520
SL1344_2521	SL2521
SL1344_2522	SL2522
SL1344_2523	SL2523
SL1344_2524	SL2524
SL1344_2525	SL2525
SL1344_2526	SL2526
SL1344_2527	SL2527
SL1344_2529	SL2529
SL1344_2530	SL2530
SL1344_2531	SL2531
SL1344_2532	SL2532
SL1344_2533	SL2533
SL1344_2534	SL2534
SL1344_2535	SL2535
SL1344_2536	SL2536
SL1344_2537	SL2537
SL1344_2538	SL2538
SL1344_2539	SL2539
SL1344_2540	SL2540
SL1344_2541	SL2541
SL1344_2542	SL2542
SL1344_2543	SL2543
SL1344_2544	SL2544
SL1344_2545	SL2545
SL1344_2546	SL2546
SL1344_2547	SL2547
SL1344_2549	SL2549
SL1344_2550	SL2550
SL1344_2551	SL2551
SL1344_2552	SL2552
SL1344_2552A	SL2552A
SL1344_2553	SL2553
SL1344_2554	SL2554
SL1344_2555	SL2555
SL1344_2556	SL2556
SL1344_2557	SL2557
SL1344_2558	SL2558
SL1344_2559	SL2559
SL1344_2560	SL2560
SL1344_2561	SL2561
SL1344_2562	SL2562
SL1344_2563	SL2563
SL1344_2564	SL2564
SL1344_2565	SL2565
SL1344_2566	SL2566
SL1344_2567	SL2567
SL1344_2568	SL2568
SL1344_2569	SL2569
SL1344_2570	SL2570
SL1344_2571	SL2571
SL1344_2572	SL2572
SL1344_2573	SL2573
SL1344_2574	SL2574
SL1344_2575	SL2575
SL1344_2576	SL2576
SL1344_2577	SL2577
SL1344_2578	SL2578
SL1344_2579	SL2579
SL1344_2580	SL2580
SL1344_2581	SL2581
SL1344_2582	SL2582
SL1344_2583	SL2583
SL1344_2584	SL2584
SL1344_2585	SL2585
SL1344_2586	SL2586
SL1344_2587	SL2587
SL1344_2588	SL2588
SL1344_2589	SL2589
SL1344_2590	SL2590
SL1344_2591	SL2591
SL1344_2592	SL2592
SL1344_2594	SL2594
SL1344_2595	SL2595
SL1344_2596	SL2596
SL1344_2597A	SL2597A
SL1344_2598	SL2598
SL1344_2599	SL2599
SL1344_2600	SL2600
SL1344_2601	SL2601
SL1344_2602	SL2602
SL1344_2603	SL2603
SL1344_2604	SL2604
SL1344_2605	SL2605
SL1344_2606	SL2606
SL1344_2607	SL2607
SL1344_2608	SL2608
SL1344_2609	SL2609
SL1344_2610	SL2610
SL1344_2611	SL2611
SL1344_2612	SL2612
SL1344_2613	SL2613
SL1344_2614	SL2614
SL1344_2615	SL2615
SL1344_2616	SL2616
SL1344_2617	SL2617
SL1344_2618	SL2618
SL1344_2619	SL2619
SL1344_2620	SL2620
SL1344_2621	SL2621
SL1344_2622	SL2622
SL1344_2623	SL2623
SL1344_2624	SL2624
SL1344_2625	SL2625
SL1344_2626	SL2626
SL1344_2627	SL2627
SL1344_2628	SL2628
SL1344_2629	SL2629
SL1344_2630	SL2630
SL1344_2646	SL2646
SL1344_2647	SL2647
SL1344_2648	SL2648
SL1344_2649	SL2649
SL1344_2650	SL2650
SL1344_2651	SL2651
SL1344_2652	SL2652
SL1344_2653	SL2653
SL1344_2654	SL2654
SL1344_2655	SL2655
SL1344_2656	SL2656
SL1344_2657	SL2657
SL1344_2658	SL2658
SL1344_2659	SL2659
SL1344_2660	SL2660
SL1344_2661	SL2661
SL1344_2662	SL2662
SL1344_2663	SL2663
SL1344_2664	SL2664
SL1344_2665	SL2665
SL1344_2666	SL2666
SL1344_2667	SL2667
SL1344_2668	SL2668
SL1344_2669	SL2669
SL1344_2670	SL2670
SL1344_2671	SL2671
SL1344_2672	SL2672
SL1344_2677	SL2677
SL1344_2678	SL2678
SL1344_2680	SL2680
SL1344_2682	SL2682
SL1344_2684	SL2684
SL1344_2686	SL2686
SL1344_2687	SL2687
SL1344_2688	SL2688
SL1344_2689	SL2689
SL1344_2690	SL2690
SL1344_2691	SL2691
SL1344_2692	SL2692
SL1344_2693	SL2693
SL1344_2725	SL2725
SL1344_2726	SL2726
SL1344_2727	SL2727
SL1344_2728	SL2728
SL1344_2729	SL2729
SL1344_2730	SL2730
SL1344_2731	SL2731
SL1344_2732	SL2732
SL1344_2733	SL2733
SL1344_2734	SL2734
SL1344_2735	SL2735
SL1344_2736	SL2736
SL1344_2737	SL2737
SL1344_2738	SL2738
SL1344_2739	SL2739
SL1344_2740	SL2740
SL1344_2741	SL2741
SL1344_2742	SL2742
SL1344_2743	SL2743
SL1344_2744	SL2744
SL1344_2745	SL2745
SL1344_2746	SL2746
SL1344_2747	SL2747
SL1344_2750	SL2750
SL1344_2751	SL2751
SL1344_2752	SL2752
SL1344_2753	SL2753
SL1344_2754	SL2754
SL1344_2755	SL2755
SL1344_2756	SL2756
SL1344_2757	SL2757
SL1344_2758	SL2758
SL1344_2759	SL2759
SL1344_2760	SL2760
SL1344_2761	SL2761
SL1344_2762	SL2762
SL1344_2763	SL2763
SL1344_2764	SL2764
SL1344_2765	SL2765
SL1344_2767	SL2767
SL1344_2768	SL2768
SL1344_2769	SL2769
SL1344_2770	SL2770
SL1344_2771	SL2771
SL1344_2772	SL2772
SL1344_2773	SL2773
SL1344_2774	SL2774
SL1344_2775	SL2775
SL1344_2776	SL2776
SL1344_2777	SL2777
SL1344_2778	SL2778
SL1344_2779	SL2779
SL1344_2780	SL2780
SL1344_2781	SL2781
SL1344_2782	SL2782
SL1344_2783	SL2783
SL1344_2784	SL2784
SL1344_2785	SL2785
SL1344_2786	SL2786
SL1344_2787	SL2787
SL1344_2788	SL2788
SL1344_2789	SL2789
SL1344_2790	SL2790
SL1344_2791	SL2791
SL1344_2792	SL2792
SL1344_2793	SL2793
SL1344_2794	SL2794
SL1344_2795	SL2795
SL1344_2796	SL2796
SL1344_2797	SL2797
SL1344_2798	SL2798
SL1344_2799	SL2799
SL1344_2800	SL2800
SL1344_2801	SL2801
SL1344_2802	SL2802
SL1344_2803	SL2803
SL1344_2804	SL2804
SL1344_2805	SL2805
SL1344_2806	SL2806
SL1344_2807	SL2807
SL1344_2808	SL2808
SL1344_2809	SL2809
SL1344_2810	SL2810
SL1344_2811	SL2811
SL1344_2812	SL2812
SL1344_2813	SL2813
SL1344_2814	SL2814
SL1344_2815	SL2815
SL1344_2816	SL2816
SL1344_2817	SL2817
SL1344_2818	SL2818
SL1344_2819	SL2819
SL1344_2820	SL2820
SL1344_2821	SL2821
SL1344_2822	SL2822
SL1344_2823	SL2823
SL1344_2824	SL2824
SL1344_2825	SL2825
SL1344_2826	SL2826
SL1344_2827	SL2827
SL1344_2828	SL2828
SL1344_2829	SL2829
SL1344_2830	SL2830
SL1344_2831	SL2831
SL1344_2832	SL2832
SL1344_2833	SL2833
SL1344_2834	SL2834
SL1344_2835	SL2835
SL1344_2836	SL2836
SL1344_2837	SL2837
SL1344_2838	SL2838
SL1344_2839	SL2839
SL1344_2840	SL2840
SL1344_2841	SL2841
SL1344_2842	SL2842
SL1344_2843	SL2843
SL1344_2844	SL2844
SL1344_2845	SL2845
SL1344_2846	SL2846
SL1344_2847	SL2847
SL1344_2848	SL2848
SL1344_2849	SL2849
SL1344_2850	SL2850
SL1344_2851	SL2851
SL1344_2852	SL2852
SL1344_2853	SL2853
SL1344_2854	SL2854
SL1344_2855	SL2855
SL1344_2856	SL2856
SL1344_2857	SL2857
SL1344_2858	SL2858
SL1344_2859	SL2859
SL1344_2860	SL2860
SL1344_2861	SL2861
SL1344_2862	SL2862
SL1344_2863	SL2863
SL1344_2864	SL2864
SL1344_2865	SL2865
SL1344_2866	SL2866
SL1344_2867	SL2867
SL1344_2868	SL2868
SL1344_2869	SL2869
SL1344_2870	SL2870
SL1344_2871	SL2871
SL1344_2872	SL2872
SL1344_2873	SL2873
SL1344_2874	SL2874
SL1344_2875	SL2875
SL1344_2876	SL2876
SL1344_2877	SL2877
SL1344_2878	SL2878
SL1344_2879	SL2879
SL1344_2880	SL2880
SL1344_2881	SL2881
SL1344_2882	SL2882
SL1344_2884	SL2884
SL1344_2885	SL2885
SL1344_2886	SL2886
SL1344_2887	SL2887
SL1344_2888	SL2888
SL1344_2889	SL2889
SL1344_2890	SL2890
SL1344_2891	SL2891
SL1344_2892	SL2892
SL1344_2893	SL2893
SL1344_2894	SL2894
SL1344_2895	SL2895
SL1344_2896	SL2896
SL1344_2897	SL2897
SL1344_2898	SL2898
SL1344_2899	SL2899
SL1344_2900	SL2900
SL1344_2901	SL2901
SL1344_2902	SL2902
SL1344_2903	SL2903
SL1344_2904	SL2904
SL1344_2905	SL2905
SL1344_2906	SL2906
SL1344_2907	SL2907
SL1344_2908	SL2908
SL1344_2909	SL2909
SL1344_2910	SL2910
SL1344_2911	SL2911
SL1344_2912	SL2912
SL1344_2913	SL2913
SL1344_2914	SL2914
SL1344_2915	SL2915
SL1344_2916	SL2916
SL1344_2917	SL2917
SL1344_2918	SL2918
SL1344_2919	SL2919
SL1344_2920	SL2920
SL1344_2921	SL2921
SL1344_2922	SL2922
SL1344_2923	SL2923
SL1344_2924	SL2924
SL1344_2925	SL2925
SL1344_2926	SL2926
SL1344_2927	SL2927
SL1344_2928	SL2928
SL1344_2929	SL2929
SL1344_2930	SL2930
SL1344_2931	SL2931
SL1344_2932	SL2932
SL1344_2933	SL2933
SL1344_2935	SL2935
SL1344_2936	SL2936
SL1344_2937	SL2937
SL1344_2938	SL2938
SL1344_2939	SL2939
SL1344_2940	SL2940
SL1344_2941	SL2941
SL1344_2942	SL2942
SL1344_2943	SL2943
SL1344_2944	SL2944
SL1344_2945	SL2945
SL1344_2946	SL2946
SL1344_2947	SL2947
SL1344_2948	SL2948
SL1344_2949	SL2949
SL1344_2950	SL2950
SL1344_2951	SL2951
SL1344_2952	SL2952
SL1344_2953	SL2953
SL1344_2954	SL2954
SL1344_2955	SL2955
SL1344_2956	SL2956
SL1344_2957	SL2957
SL1344_2958	SL2958
SL1344_2959	SL2959
SL1344_2960	SL2960
SL1344_2961	SL2961
SL1344_2962	SL2962
SL1344_2963	SL2963
SL1344_2964	SL2964
SL1344_2965	SL2965
SL1344_2966	SL2966
SL1344_2967	SL2967
SL1344_2968	SL2968
SL1344_2969	SL2969
SL1344_2970	SL2970
SL1344_2971	SL2971
SL1344_2972	SL2972
SL1344_2973	SL2973
SL1344_2974	SL2974
SL1344_2975	SL2975
SL1344_2976	SL2976
SL1344_2977	SL2977
SL1344_2978	SL2978
SL1344_2979	SL2979
SL1344_2980	SL2980
SL1344_2981	SL2981
SL1344_2982	SL2982
SL1344_2983	SL2983
SL1344_2984	SL2984
SL1344_2985	SL2985
SL1344_2986	SL2986
SL1344_2987	SL2987
SL1344_2988	SL2988
SL1344_2989	SL2989
SL1344_2990	SL2990
SL1344_2991	SL2991
SL1344_2992	SL2992
SL1344_2993	SL2993
SL1344_2994	SL2994
SL1344_2995	SL2995
SL1344_2996	SL2996
SL1344_2997	SL2997
SL1344_2998	SL2998
SL1344_2999	SL2999
SL1344_3000	SL3000
SL1344_3001	SL3001
SL1344_3002	SL3002
SL1344_3003	SL3003
SL1344_3004	SL3004
SL1344_3005	SL3005
SL1344_3006	SL3006
SL1344_3007	SL3007
SL1344_3008	SL3008
SL1344_3009	SL3009
SL1344_3010	SL3010
SL1344_3011	SL3011
SL1344_3012	SL3012
SL1344_3013	SL3013
SL1344_3014	SL3014
SL1344_3015	SL3015
SL1344_3016	SL3016
SL1344_3017	SL3017
SL1344_3018	SL3018
SL1344_3019	SL3019
SL1344_3020	SL3020
SL1344_3021	SL3021
SL1344_3022	SL3022
SL1344_3023	SL3023
SL1344_3024	SL3024
SL1344_3025	SL3025
SL1344_3026	SL3026
SL1344_3027	SL3027
SL1344_3028	SL3028
SL1344_3029	SL3029
SL1344_3030	SL3030
SL1344_3031	SL3031
SL1344_3032	SL3032
SL1344_3033	SL3033
SL1344_3034	SL3034
SL1344_3035	SL3035
SL1344_3036	SL3036
SL1344_3037	SL3037
SL1344_3038	SL3038
SL1344_3039	SL3039
SL1344_3040	SL3040
SL1344_3041	SL3041
SL1344_3042	SL3042
SL1344_3043	SL3043
SL1344_3044	SL3044
SL1344_3045	SL3045
SL1344_3046	SL3046
SL1344_3047	SL3047
SL1344_3048	SL3048
SL1344_3049	SL3049
SL1344_3050	SL3050
SL1344_3051	SL3051
SL1344_3052	SL3052
SL1344_3053	SL3053
SL1344_3054	SL3054
SL1344_3055	SL3055
SL1344_3056	SL3056
SL1344_3057	SL3057
SL1344_3058	SL3058
SL1344_3059	SL3059
SL1344_3060	SL3060
SL1344_3061	SL3061
SL1344_3062	SL3062
SL1344_3063	SL3063
SL1344_3064	SL3064
SL1344_3065	SL3065
SL1344_3066	SL3066
SL1344_3067	SL3067
SL1344_3068	SL3068
SL1344_3069	SL3069
SL1344_3070	SL3070
SL1344_3071	SL3071
SL1344_3072	SL3072
SL1344_3073	SL3073
SL1344_3074	SL3074
SL1344_3075	SL3075
SL1344_3076	SL3076
SL1344_3077	SL3077
SL1344_3078	SL3078
SL1344_3079	SL3079
SL1344_3080	SL3080
SL1344_3081	SL3081
SL1344_3082	SL3082
SL1344_3083	SL3083
SL1344_3084	SL3084
SL1344_3085	SL3085
SL1344_3086	SL3086
SL1344_3087	SL3087
SL1344_3088	SL3088
SL1344_3089	SL3089
SL1344_3090	SL3090
SL1344_3091	SL3091
SL1344_3092	SL3092
SL1344_3093	SL3093
SL1344_3094	SL3094
SL1344_3095	SL3095
SL1344_3096	SL3096
SL1344_3097	SL3097
SL1344_3098	SL3098
SL1344_3099	SL3099
SL1344_3100	SL3100
SL1344_3101	SL3101
SL1344_3102	SL3102
SL1344_3103	SL3103
SL1344_3104	SL3104
SL1344_3105	SL3105
SL1344_3106	SL3106
SL1344_3107	SL3107
SL1344_3108	SL3108
SL1344_3109	SL3109
SL1344_3110	SL3110
SL1344_3111	SL3111
SL1344_3112	SL3112
SL1344_3113	SL3113
SL1344_3114	SL3114
SL1344_3115	SL3115
SL1344_3116	SL3116
SL1344_3117	SL3117
SL1344_3118	SL3118
SL1344_3119	SL3119
SL1344_3120	SL3120
SL1344_3121	SL3121
SL1344_3122	SL3122
SL1344_3123	SL3123
SL1344_3124	SL3124
SL1344_3125	SL3125
SL1344_3126	SL3126
SL1344_3127	SL3127
SL1344_3128	SL3128
SL1344_3129	SL3129
SL1344_3130	SL3130
SL1344_3131	SL3131
SL1344_3132	SL3132
SL1344_3133	SL3133
SL1344_3134	SL3134
SL1344_3135	SL3135
SL1344_3136	SL3136
SL1344_3137	SL3137
SL1344_3138	SL3138
SL1344_3139	SL3139
SL1344_3140	SL3140
SL1344_3141	SL3141
SL1344_3142	SL3142
SL1344_3143	SL3143
SL1344_3144	SL3144
SL1344_3145	SL3145
SL1344_3146	SL3146
SL1344_3147	SL3147
SL1344_3148	SL3148
SL1344_3149	SL3149
SL1344_3150	SL3150
SL1344_3151	SL3151
SL1344_3152	SL3152
SL1344_3153	SL3153
SL1344_3154	SL3154
SL1344_3155	SL3155
SL1344_3156	SL3156
SL1344_3157	SL3157
SL1344_3158	SL3158
SL1344_3159	SL3159
SL1344_3160	SL3160
SL1344_3161	SL3161
SL1344_3162	SL3162
SL1344_3163	SL3163
SL1344_3164	SL3164
SL1344_3165	SL3165
SL1344_3166	SL3166
SL1344_3167	SL3167
SL1344_3168	SL3168
SL1344_3169	SL3169
SL1344_3170	SL3170
SL1344_3171	SL3171
SL1344_3172	SL3172
SL1344_3173	SL3173
SL1344_3174	SL3174
SL1344_3175	SL3175
SL1344_3176	SL3176
SL1344_3177	SL3177
SL1344_3178	SL3178
SL1344_3179	SL3179
SL1344_3180	SL3180
SL1344_3182	SL3182
SL1344_3183	SL3183
SL1344_3184	SL3184
SL1344_3185	SL3185
SL1344_3186	SL3186
SL1344_3187	SL3187
SL1344_3188	SL3188
SL1344_3189	SL3189
SL1344_3190	SL3190
SL1344_3191	SL3191
SL1344_3192	SL3192
SL1344_3193	SL3193
SL1344_3194	SL3194
SL1344_3195	SL3195
SL1344_3196	SL3196
SL1344_3197	SL3197
SL1344_3198	SL3198
SL1344_3199	SL3199
SL1344_3200	SL3200
SL1344_3201	SL3201
SL1344_3202	SL3202
SL1344_3203	SL3203
SL1344_3204	SL3204
SL1344_3205	SL3205
SL1344_3206	SL3206
SL1344_3207	SL3207
SL1344_3208	SL3208
SL1344_3209	SL3209
SL1344_3210	SL3210
SL1344_3211	SL3211
SL1344_3212	SL3212
SL1344_3213	SL3213
SL1344_3214	SL3214
SL1344_3215	SL3215
SL1344_3216	SL3216
SL1344_3217	SL3217
SL1344_3220	SL3220
SL1344_3221	SL3221
SL1344_3222	SL3222
SL1344_3223	SL3223
SL1344_3224	SL3224
SL1344_3225	SL3225
SL1344_3226	SL3226
SL1344_3227	SL3227
SL1344_3228	SL3228
SL1344_3229	SL3229
SL1344_3230	SL3230
SL1344_3231	SL3231
SL1344_3232	SL3232
SL1344_3233	SL3233
SL1344_3234	SL3234
SL1344_3235	SL3235
SL1344_3236	SL3236
SL1344_3237	SL3237
SL1344_3238	SL3238
SL1344_3239	SL3239
SL1344_3240	SL3240
SL1344_3241	SL3241
SL1344_3242	SL3242
SL1344_3243	SL3243
SL1344_3244	SL3244
SL1344_3245	SL3245
SL1344_3246	SL3246
SL1344_3247	SL3247
SL1344_3248	SL3248
SL1344_3249	SL3249
SL1344_3250	SL3250
SL1344_3251	SL3251
SL1344_3252	SL3252
SL1344_3253	SL3253
SL1344_3254	SL3254
SL1344_3255	SL3255
SL1344_3256	SL3256
SL1344_3257	SL3257
SL1344_3258	SL3258
SL1344_3259	SL3259
SL1344_3260	SL3260
SL1344_3261	SL3261
SL1344_3262	SL3262
SL1344_3263	SL3263
SL1344_3264	SL3264
SL1344_3265	SL3265
SL1344_3266	SL3266
SL1344_3268	SL3268
SL1344_3269	SL3269
SL1344_3270	SL3270
SL1344_3271	SL3271
SL1344_3272	SL3272
SL1344_3273	SL3273
SL1344_3274	SL3274
SL1344_3275	SL3275
SL1344_3276	SL3276
SL1344_3277	SL3277
SL1344_3278	SL3278
SL1344_3279	SL3279
SL1344_3280	SL3280
SL1344_3281	SL3281
SL1344_3282	SL3282
SL1344_3283	SL3283
SL1344_3284	SL3284
SL1344_3285	SL3285
SL1344_3286	SL3286
SL1344_3287	SL3287
SL1344_3288	SL3288
SL1344_3289	SL3289
SL1344_3290	SL3290
SL1344_3291	SL3291
SL1344_3292	SL3292
SL1344_3293	SL3293
SL1344_3294	SL3294
SL1344_3295	SL3295
SL1344_3296	SL3296
SL1344_3297	SL3297
SL1344_3298	SL3298
SL1344_3299	SL3299
SL1344_3300	SL3300
SL1344_3301	SL3301
SL1344_3302	SL3302
SL1344_3303	SL3303
SL1344_3304	SL3304
SL1344_3305	SL3305
SL1344_3306	SL3306
SL1344_3307	SL3307
SL1344_3308	SL3308
SL1344_3309	SL3309
SL1344_3310	SL3310
SL1344_3311	SL3311
SL1344_3312	SL3312
SL1344_3313	SL3313
SL1344_3314	SL3314
SL1344_3315	SL3315
SL1344_3316	SL3316
SL1344_3317	SL3317
SL1344_3318	SL3318
SL1344_3319	SL3319
SL1344_3320	SL3320
SL1344_3321	SL3321
SL1344_3322	SL3322
SL1344_3323	SL3323
SL1344_3324	SL3324
SL1344_3325	SL3325
SL1344_3326	SL3326
SL1344_3327	SL3327
SL1344_3328	SL3328
SL1344_3329	SL3329
SL1344_3330	SL3330
SL1344_3331	SL3331
SL1344_3332	SL3332
SL1344_3333	SL3333
SL1344_3334	SL3334
SL1344_3335	SL3335
SL1344_3336	SL3336
SL1344_3337	SL3337
SL1344_3338	SL3338
SL1344_3339	SL3339
SL1344_3340	SL3340
SL1344_3341	SL3341
SL1344_3342	SL3342
SL1344_3343	SL3343
SL1344_3344	SL3344
SL1344_3345	SL3345
SL1344_3346	SL3346
SL1344_3348	SL3348
SL1344_3349	SL3349
SL1344_3350	SL3350
SL1344_3351	SL3351
SL1344_3352	SL3352
SL1344_3353	SL3353
SL1344_3354	SL3354
SL1344_3355	SL3355
SL1344_3356	SL3356
SL1344_3357	SL3357
SL1344_3358	SL3358
SL1344_3359	SL3359
SL1344_3360	SL3360
SL1344_3361	SL3361
SL1344_3362	SL3362
SL1344_3363	SL3363
SL1344_3364	SL3364
SL1344_3365	SL3365
SL1344_3366	SL3366
SL1344_3367	SL3367
SL1344_3368	SL3368
SL1344_3369	SL3369
SL1344_3370	SL3370
SL1344_3371	SL3371
SL1344_3372	SL3372
SL1344_3373	SL3373
SL1344_3374	SL3374
SL1344_3375	SL3375
SL1344_3376	SL3376
SL1344_3377	SL3377
SL1344_3378	SL3378
SL1344_3379	SL3379
SL1344_3380	SL3380
SL1344_3381	SL3381
SL1344_3382	SL3382
SL1344_3383	SL3383
SL1344_3384	SL3384
SL1344_3385	SL3385
SL1344_3386	SL3386
SL1344_3387	SL3387
SL1344_3388	SL3388
SL1344_3389	SL3389
SL1344_3390	SL3390
SL1344_3391	SL3391
SL1344_3392	SL3392
SL1344_3393	SL3393
SL1344_3394	SL3394
SL1344_3395	SL3395
SL1344_3396	SL3396
SL1344_3397	SL3397
SL1344_3398	SL3398
SL1344_3399	SL3399
SL1344_3400	SL3400
SL1344_3401	SL3401
SL1344_3402	SL3402
SL1344_3403	SL3403
SL1344_3404	SL3404
SL1344_3405	SL3405
SL1344_3406	SL3406
SL1344_3407	SL3407
SL1344_3408	SL3408
SL1344_3409	SL3409
SL1344_3410	SL3410
SL1344_3411	SL3411
SL1344_3412	SL3412
SL1344_3413	SL3413
SL1344_3414	SL3414
SL1344_3415	SL3415
SL1344_3416	SL3416
SL1344_3417	SL3417
SL1344_3418	SL3418
SL1344_3419	SL3419
SL1344_3420	SL3420
SL1344_3421	SL3421
SL1344_3422	SL3422
SL1344_3423	SL3423
SL1344_3424	SL3424
SL1344_3425	SL3425
SL1344_3426	SL3426
SL1344_3428	SL3428
SL1344_3429	SL3429
SL1344_3430	SL3430
SL1344_3431	SL3431
SL1344_3432	SL3432
SL1344_3433	SL3433
SL1344_3434	SL3434
SL1344_3435	SL3435
SL1344_3436	SL3436
SL1344_3437	SL3437
SL1344_3438	SL3438
SL1344_3439	SL3439
SL1344_3440	SL3440
SL1344_3441	SL3441
SL1344_3442	SL3442
SL1344_3443	SL3443
SL1344_3444	SL3444
SL1344_3445	SL3445
SL1344_3446	SL3446
SL1344_3447	SL3447
SL1344_3448	SL3448
SL1344_3449	SL3449
SL1344_3450	SL3450
SL1344_3451	SL3451
SL1344_3452	SL3452
SL1344_3453	SL3453
SL1344_3454	SL3454
SL1344_3455	SL3455
SL1344_3456	SL3456
SL1344_3457	SL3457
SL1344_3458	SL3458
SL1344_3459	SL3459
SL1344_3460	SL3460
SL1344_3461	SL3461
SL1344_3462	SL3462
SL1344_3463	SL3463
SL1344_3464	SL3464
SL1344_3465	SL3465
SL1344_3466	SL3466
SL1344_3467	SL3467
SL1344_3468	SL3468
SL1344_3469	SL3469
SL1344_3470	SL3470
SL1344_3471	SL3471
SL1344_3472	SL3472
SL1344_3473	SL3473
SL1344_3474	SL3474
SL1344_3475	SL3475
SL1344_3476	SL3476
SL1344_3477	SL3477
SL1344_3478	SL3478
SL1344_3479	SL3479
SL1344_3480	SL3480
SL1344_3481	SL3481
SL1344_3482	SL3482
SL1344_3483	SL3483
SL1344_3484	SL3484
SL1344_3485	SL3485
SL1344_3486	SL3486
SL1344_3487	SL3487
SL1344_3488	SL3488
SL1344_3489	SL3489
SL1344_3491	SL3491
SL1344_3492	SL3492
SL1344_3493	SL3493
SL1344_3494	SL3494
SL1344_3495	SL3495
SL1344_3496	SL3496
SL1344_3497	SL3497
SL1344_3498	SL3498
SL1344_3499	SL3499
SL1344_3500	SL3500
SL1344_3501	SL3501
SL1344_3502	SL3502
SL1344_3503	SL3503
SL1344_3504	SL3504
SL1344_3505	SL3505
SL1344_3506	SL3506
SL1344_3507	SL3507
SL1344_3508	SL3508
SL1344_3509	SL3509
SL1344_3510	SL3510
SL1344_3511	SL3511
SL1344_3512	SL3512
SL1344_3513	SL3513
SL1344_3514	SL3514
SL1344_3515	SL3515
SL1344_3516	SL3516
SL1344_3517	SL3517
SL1344_3518	SL3518
SL1344_3519	SL3519
SL1344_3520	SL3520
SL1344_3521	SL3521
SL1344_3522	SL3522
SL1344_3523	SL3523
SL1344_3524	SL3524
SL1344_3525	SL3525
SL1344_3526	SL3526
SL1344_3527	SL3527
SL1344_3528	SL3528
SL1344_3529	SL3529
SL1344_3530	SL3530
SL1344_3531	SL3531
SL1344_3532	SL3532
SL1344_3533	SL3533
SL1344_3534	SL3534
SL1344_3535	SL3535
SL1344_3536	SL3536
SL1344_3537	SL3537
SL1344_3538	SL3538
SL1344_3539	SL3539
SL1344_3540	SL3540
SL1344_3541	SL3541
SL1344_3542	SL3542
SL1344_3543	SL3543
SL1344_3544	SL3544
SL1344_3545	SL3545
SL1344_3546	SL3546
SL1344_3547	SL3547
SL1344_3548	SL3548
SL1344_3549	SL3549
SL1344_3550	SL3550
SL1344_3551	SL3551
SL1344_3552	SL3552
SL1344_3553	SL3553
SL1344_3554	SL3554
SL1344_3555	SL3555
SL1344_3556	SL3556
SL1344_3557	SL3557
SL1344_3558	SL3558
SL1344_3559	SL3559
SL1344_3560	SL3560
SL1344_3561	SL3561
SL1344_3562	SL3562
SL1344_3563	SL3563
SL1344_3564	SL3564
SL1344_3565	SL3565
SL1344_3566	SL3566
SL1344_3567	SL3567
SL1344_3568	SL3568
SL1344_3569	SL3569
SL1344_3570	SL3570
SL1344_3571	SL3571
SL1344_3572	SL3572
SL1344_3573	SL3573
SL1344_3574	SL3574
SL1344_3575	SL3575
SL1344_3576	SL3576
SL1344_3577	SL3577
SL1344_3578	SL3578
SL1344_3579	SL3579
SL1344_3580	SL3580
SL1344_3581	SL3581
SL1344_3582	SL3582
SL1344_3583	SL3583
SL1344_3584	SL3584
SL1344_3585	SL3585
SL1344_3586	SL3586
SL1344_3587	SL3587
SL1344_3588	SL3588
SL1344_3589	SL3589
SL1344_3591	SL3591
SL1344_3592	SL3592
SL1344_3593	SL3593
SL1344_3594	SL3594
SL1344_3595	SL3595
SL1344_3596	SL3596
SL1344_3597	SL3597
SL1344_3598	SL3598
SL1344_3599	SL3599
SL1344_3600	SL3600
SL1344_3601	SL3601
SL1344_3602	SL3602
SL1344_3604	SL3604
SL1344_3605	SL3605
SL1344_3606	SL3606
SL1344_3607	SL3607
SL1344_3608	SL3608
SL1344_3609	SL3609
SL1344_3610	SL3610
SL1344_3611	SL3611
SL1344_3612	SL3612
SL1344_3613	SL3613
SL1344_3614	SL3614
SL1344_3615	SL3615
SL1344_3616	SL3616
SL1344_3617	SL3617
SL1344_3618	SL3618
SL1344_3619	SL3619
SL1344_3620	SL3620
SL1344_3621	SL3621
SL1344_3622	SL3622
SL1344_3623	SL3623
SL1344_3624	SL3624
SL1344_3625	SL3625
SL1344_3626	SL3626
SL1344_3627	SL3627
SL1344_3628	SL3628
SL1344_3629	SL3629
SL1344_3630	SL3630
SL1344_3631	SL3631
SL1344_3632	SL3632
SL1344_3633	SL3633
SL1344_3634	SL3634
SL1344_3635	SL3635
SL1344_3636	SL3636
SL1344_3637	SL3637
SL1344_3638	SL3638
SL1344_3639	SL3639
SL1344_3640	SL3640
SL1344_3641	SL3641
SL1344_3642	SL3642
SL1344_3643	SL3643
SL1344_3644	SL3644
SL1344_3645	SL3645
SL1344_3646	SL3646
SL1344_3647	SL3647
SL1344_3648	SL3648
SL1344_3649	SL3649
SL1344_3650	SL3650
SL1344_3651	SL3651
SL1344_3652	SL3652
SL1344_3653	SL3653
SL1344_3654	SL3654
SL1344_3655	SL3655
SL1344_3656	SL3656
SL1344_3657	SL3657
SL1344_3658	SL3658
SL1344_3659	SL3659
SL1344_3660	SL3660
SL1344_3661	SL3661
SL1344_3662	SL3662
SL1344_3663	SL3663
SL1344_3665	SL3665
SL1344_3666	SL3666
SL1344_3667	SL3667
SL1344_3668	SL3668
SL1344_3669	SL3669
SL1344_3670	SL3670
SL1344_3671	SL3671
SL1344_3672	SL3672
SL1344_3673	SL3673
SL1344_3674	SL3674
SL1344_3675	SL3675
SL1344_3676	SL3676
SL1344_3677	SL3677
SL1344_3678	SL3678
SL1344_3679	SL3679
SL1344_3680	SL3680
SL1344_3681	SL3681
SL1344_3682	SL3682
SL1344_3683	SL3683
SL1344_3684	SL3684
SL1344_3685	SL3685
SL1344_3686	SL3686
SL1344_3687	SL3687
SL1344_3688	SL3688
SL1344_3689	SL3689
SL1344_3690	SL3690
SL1344_3691	SL3691
SL1344_3692	SL3692
SL1344_3693	SL3693
SL1344_3694	SL3694
SL1344_3695	SL3695
SL1344_3696	SL3696
SL1344_3697	SL3697
SL1344_3698	SL3698
SL1344_3699	SL3699
SL1344_3700	SL3700
SL1344_3701	SL3701
SL1344_3702	SL3702
SL1344_3703	SL3703
SL1344_3704	SL3704
SL1344_3705	SL3705
SL1344_3706	SL3706
SL1344_3707	SL3707
SL1344_3708	SL3708
SL1344_3709	SL3709
SL1344_3710	SL3710
SL1344_3711	SL3711
SL1344_3712	SL3712
SL1344_3713	SL3713
SL1344_3714	SL3714
SL1344_3715	SL3715
SL1344_3716	SL3716
SL1344_3717	SL3717
SL1344_3720	SL3720
SL1344_3722	SL3722
SL1344_3723	SL3723
SL1344_3724	SL3724
SL1344_3725	SL3725
SL1344_3726	SL3726
SL1344_3727	SL3727
SL1344_3728	SL3728
SL1344_3729	SL3729
SL1344_3730	SL3730
SL1344_3731	SL3731
SL1344_3732	SL3732
SL1344_3733	SL3733
SL1344_3734	SL3734
SL1344_3735	SL3735
SL1344_3736	SL3736
SL1344_3737	SL3737
SL1344_3738	SL3738
SL1344_3739	SL3739
SL1344_3740	SL3740
SL1344_3741	SL3741
SL1344_3743	SL3743
SL1344_3744	SL3744
SL1344_3745	SL3745
SL1344_3746	SL3746
SL1344_3747	SL3747
SL1344_3748	SL3748
SL1344_3749	SL3749
SL1344_3750	SL3750
SL1344_3751	SL3751
SL1344_3752	SL3752
SL1344_3753	SL3753
SL1344_3754	SL3754
SL1344_3755	SL3755
SL1344_3756	SL3756
SL1344_3757	SL3757
SL1344_3758	SL3758
SL1344_3759	SL3759
SL1344_3760	SL3760
SL1344_3761	SL3761
SL1344_3762	SL3762
SL1344_3763	SL3763
SL1344_3765	SL3765
SL1344_3766	SL3766
SL1344_3767	SL3767
SL1344_3768	SL3768
SL1344_3769	SL3769
SL1344_3770	SL3770
SL1344_3771	SL3771
SL1344_3772	SL3772
SL1344_3773	SL3773
SL1344_3774	SL3774
SL1344_3775	SL3775
SL1344_3776	SL3776
SL1344_3777	SL3777
SL1344_3778	SL3778
SL1344_3779	SL3779
SL1344_3780	SL3780
SL1344_3781	SL3781
SL1344_3782	SL3782
SL1344_3782A	SL3782A
SL1344_3783	SL3783
SL1344_3784	SL3784
SL1344_3785	SL3785
SL1344_3786	SL3786
SL1344_3787	SL3787
SL1344_3788	SL3788
SL1344_3789	SL3789
SL1344_3790	SL3790
SL1344_3791	SL3791
SL1344_3792	SL3792
SL1344_3793	SL3793
SL1344_3794	SL3794
SL1344_3796	SL3796
SL1344_3797	SL3797
SL1344_3798	SL3798
SL1344_3799	SL3799
SL1344_3800	SL3800
SL1344_3801	SL3801
SL1344_3802	SL3802
SL1344_3803	SL3803
SL1344_3804	SL3804
SL1344_3805	SL3805
SL1344_3806	SL3806
SL1344_3807	SL3807
SL1344_3808	SL3808
SL1344_3809	SL3809
SL1344_3810	SL3810
SL1344_3811	SL3811
SL1344_3812	SL3812
SL1344_3813	SL3813
SL1344_3814	SL3814
SL1344_3815	SL3815
SL1344_3816	SL3816
SL1344_3817	SL3817
SL1344_3818	SL3818
SL1344_3819	SL3819
SL1344_3820	SL3820
SL1344_3821	SL3821
SL1344_3822	SL3822
SL1344_3823	SL3823
SL1344_3824	SL3824
SL1344_3825	SL3825
SL1344_3826	SL3826
SL1344_3827	SL3827
SL1344_3828	SL3828
SL1344_3829	SL3829
SL1344_3830	SL3830
SL1344_3831	SL3831
SL1344_3832	SL3832
SL1344_3833	SL3833
SL1344_3834	SL3834
SL1344_3835	SL3835
SL1344_3836	SL3836
SL1344_3837	SL3837
SL1344_3838	SL3838
SL1344_3839	SL3839
SL1344_3840	SL3840
SL1344_3841	SL3841
SL1344_3842	SL3842
SL1344_3843	SL3843
SL1344_3844	SL3844
SL1344_3845	SL3845
SL1344_3846	SL3846
SL1344_3847	SL3847
SL1344_3848	SL3848
SL1344_3849	SL3849
SL1344_3850	SL3850
SL1344_3851	SL3851
SL1344_3852	SL3852
SL1344_3853	SL3853
SL1344_3854	SL3854
SL1344_3857	SL3857
SL1344_3858	SL3858
SL1344_3859	SL3859
SL1344_3860	SL3860
SL1344_3861	SL3861
SL1344_3862	SL3862
SL1344_3863	SL3863
SL1344_3864	SL3864
SL1344_3865	SL3865
SL1344_3866	SL3866
SL1344_3867	SL3867
SL1344_3868	SL3868
SL1344_3869	SL3869
SL1344_3870	SL3870
SL1344_3870A	SL3870A
SL1344_3872	SL3872
SL1344_3873	SL3873
SL1344_3874	SL3874
SL1344_3875	SL3875
SL1344_3876	SL3876
SL1344_3877	SL3877
SL1344_3878	SL3878
SL1344_3879	SL3879
SL1344_3880	SL3880
SL1344_3881	SL3881
SL1344_3882	SL3882
SL1344_3883	SL3883
SL1344_3884	SL3884
SL1344_3885	SL3885
SL1344_3886	SL3886
SL1344_3887	SL3887
SL1344_3888	SL3888
SL1344_3889	SL3889
SL1344_3890	SL3890
SL1344_3891	SL3891
SL1344_3892	SL3892
SL1344_3893	SL3893
SL1344_3894	SL3894
SL1344_3895	SL3895
SL1344_3896	SL3896
SL1344_3897	SL3897
SL1344_3898	SL3898
SL1344_3899	SL3899
SL1344_3899A	SL3899A
SL1344_3900	SL3900
SL1344_3901	SL3901
SL1344_3902	SL3902
SL1344_3903	SL3903
SL1344_3904	SL3904
SL1344_3905	SL3905
SL1344_3906	SL3906
SL1344_3907	SL3907
SL1344_3908	SL3908
SL1344_3909	SL3909
SL1344_3910	SL3910
SL1344_3911	SL3911
SL1344_3912	SL3912
SL1344_3913	SL3913
SL1344_3914	SL3914
SL1344_3915	SL3915
SL1344_3916	SL3916
SL1344_3917	SL3917
SL1344_3918	SL3918
SL1344_3919	SL3919
SL1344_3920	SL3920
SL1344_3921	SL3921
SL1344_3922	SL3922
SL1344_3923	SL3923
SL1344_3924	SL3924
SL1344_3925	SL3925
SL1344_3926	SL3926
SL1344_3927	SL3927
SL1344_3928	SL3928
SL1344_3929	SL3929
SL1344_3930	SL3930
SL1344_3931	SL3931
SL1344_3932	SL3932
SL1344_3933	SL3933
SL1344_3934	SL3934
SL1344_3935	SL3935
SL1344_3936	SL3936
SL1344_3937	SL3937
SL1344_3938	SL3938
SL1344_3939	SL3939
SL1344_3940	SL3940
SL1344_3941	SL3941
SL1344_3942	SL3942
SL1344_3943	SL3943
SL1344_3944	SL3944
SL1344_3945	SL3945
SL1344_3946	SL3946
SL1344_3947	SL3947
SL1344_3948	SL3948
SL1344_3950	SL3950
SL1344_3951	SL3951
SL1344_3952	SL3952
SL1344_3953	SL3953
SL1344_3954	SL3954
SL1344_3955	SL3955
SL1344_3956	SL3956
SL1344_3957	SL3957
SL1344_3958	SL3958
SL1344_3959	SL3959
SL1344_3960	SL3960
SL1344_3961	SL3961
SL1344_3962	SL3962
SL1344_3963	SL3963
SL1344_3964	SL3964
SL1344_3965	SL3965
SL1344_3966	SL3966
SL1344_3967	SL3967
SL1344_3968	SL3968
SL1344_3969	SL3969
SL1344_3970	SL3970
SL1344_3971	SL3971
SL1344_3972	SL3972
SL1344_3973	SL3973
SL1344_3974	SL3974
SL1344_3975	SL3975
SL1344_3976	SL3976
SL1344_3977	SL3977
SL1344_3978	SL3978
SL1344_3979	SL3979
SL1344_3980	SL3980
SL1344_3981	SL3981
SL1344_3982	SL3982
SL1344_3983	SL3983
SL1344_3984	SL3984
SL1344_3986	SL3986
SL1344_3987	SL3987
SL1344_3988	SL3988
SL1344_3989	SL3989
SL1344_3990	SL3990
SL1344_3991	SL3991
SL1344_3992	SL3992
SL1344_3993	SL3993
SL1344_3994	SL3994
SL1344_3995	SL3995
SL1344_3996	SL3996
SL1344_3997	SL3997
SL1344_3998	SL3998
SL1344_3999	SL3999
SL1344_4000	SL4000
SL1344_4001	SL4001
SL1344_4002	SL4002
SL1344_4003	SL4003
SL1344_4004	SL4004
SL1344_4005	SL4005
SL1344_4006	SL4006
SL1344_4007	SL4007
SL1344_4008	SL4008
SL1344_4009	SL4009
SL1344_4010	SL4010
SL1344_4011	SL4011
SL1344_4012	SL4012
SL1344_4013	SL4013
SL1344_4014	SL4014
SL1344_4015	SL4015
SL1344_4016	SL4016
SL1344_4017	SL4017
SL1344_4018	SL4018
SL1344_4019	SL4019
SL1344_4020	SL4020
SL1344_4021	SL4021
SL1344_4022	SL4022
SL1344_4023	SL4023
SL1344_4024	SL4024
SL1344_4025	SL4025
SL1344_4026	SL4026
SL1344_4027	SL4027
SL1344_4028	SL4028
SL1344_4029	SL4029
SL1344_4030	SL4030
SL1344_4031	SL4031
SL1344_4032	SL4032
SL1344_4033	SL4033
SL1344_4034	SL4034
SL1344_4035	SL4035
SL1344_4036	SL4036
SL1344_4037	SL4037
SL1344_4038	SL4038
SL1344_4039	SL4039
SL1344_4040	SL4040
SL1344_4041	SL4041
SL1344_4042	SL4042
SL1344_4043	SL4043
SL1344_4044	SL4044
SL1344_4045	SL4045
SL1344_4046	SL4046
SL1344_4047	SL4047
SL1344_4048	SL4048
SL1344_4049	SL4049
SL1344_4050	SL4050
SL1344_4051	SL4051
SL1344_4052	SL4052
SL1344_4053	SL4053
SL1344_4054	SL4054
SL1344_4055	SL4055
SL1344_4056	SL4056
SL1344_4057	SL4057
SL1344_4058	SL4058
SL1344_4059	SL4059
SL1344_4060	SL4060
SL1344_4061	SL4061
SL1344_4062	SL4062
SL1344_4063	SL4063
SL1344_4064	SL4064
SL1344_4065	SL4065
SL1344_4066	SL4066
SL1344_4068	SL4068
SL1344_4069	SL4069
SL1344_4070	SL4070
SL1344_4071	SL4071
SL1344_4072	SL4072
SL1344_4073	SL4073
SL1344_4074	SL4074
SL1344_4075	SL4075
SL1344_4076	SL4076
SL1344_4077	SL4077
SL1344_4078	SL4078
SL1344_4079	SL4079
SL1344_4080	SL4080
SL1344_4081	SL4081
SL1344_4082	SL4082
SL1344_4083	SL4083
SL1344_4084	SL4084
SL1344_4085	SL4085
SL1344_4086	SL4086
SL1344_4087	SL4087
SL1344_4088	SL4088
SL1344_4089	SL4089
SL1344_4090	SL4090
SL1344_4091	SL4091
SL1344_4092	SL4092
SL1344_4093	SL4093
SL1344_4094	SL4094
SL1344_4095	SL4095
SL1344_4096	SL4096
SL1344_4097	SL4097
SL1344_4098	SL4098
SL1344_4099	SL4099
SL1344_4100	SL4100
SL1344_4101	SL4101
SL1344_4102	SL4102
SL1344_4103	SL4103
SL1344_4104	SL4104
SL1344_4105	SL4105
SL1344_4106	SL4106
SL1344_4107	SL4107
SL1344_4108	SL4108
SL1344_4109	SL4109
SL1344_4110	SL4110
SL1344_4111	SL4111
SL1344_4112	SL4112
SL1344_4113	SL4113
SL1344_4114	SL4114
SL1344_4115	SL4115
SL1344_4116	SL4116
SL1344_4117	SL4117
SL1344_4118	SL4118
SL1344_4119	SL4119
SL1344_4120	SL4120
SL1344_4121	SL4121
SL1344_4122	SL4122
SL1344_4123	SL4123
SL1344_4124	SL4124
SL1344_4125	SL4125
SL1344_4126	SL4126
SL1344_4127	SL4127
SL1344_4128	SL4128
SL1344_4129	SL4129
SL1344_4130	SL4130
SL1344_4131	SL4131
SL1344_4132	SL4132
SL1344_4133	SL4133
SL1344_4134	SL4134
SL1344_4135	SL4135
SL1344_4136	SL4136
SL1344_4137	SL4137
SL1344_4138	SL4138
SL1344_4139	SL4139
SL1344_4140	SL4140
SL1344_4141	SL4141
SL1344_4142	SL4142
SL1344_4143	SL4143
SL1344_4144	SL4144
SL1344_4145	SL4145
SL1344_4146	SL4146
SL1344_4147	SL4147
SL1344_4148	SL4148
SL1344_4149	SL4149
SL1344_4150	SL4150
SL1344_4151	SL4151
SL1344_4152	SL4152
SL1344_4153	SL4153
SL1344_4154	SL4154
SL1344_4155	SL4155
SL1344_4156	SL4156
SL1344_4157	SL4157
SL1344_4158	SL4158
SL1344_4159	SL4159
SL1344_4160	SL4160
SL1344_4161	SL4161
SL1344_4162	SL4162
SL1344_4163	SL4163
SL1344_4164	SL4164
SL1344_4166	SL4166
SL1344_4167	SL4167
SL1344_4168	SL4168
SL1344_4169	SL4169
SL1344_4170	SL4170
SL1344_4171	SL4171
SL1344_4172	SL4172
SL1344_4173	SL4173
SL1344_4174	SL4174
SL1344_4175	SL4175
SL1344_4176	SL4176
SL1344_4177	SL4177
SL1344_4178	SL4178
SL1344_4179	SL4179
SL1344_4180	SL4180
SL1344_4181	SL4181
SL1344_4182	SL4182
SL1344_4183	SL4183
SL1344_4184	SL4184
SL1344_4185	SL4185
SL1344_4186	SL4186
SL1344_4187	SL4187
SL1344_4188	SL4188
SL1344_4189	SL4189
SL1344_4190	SL4190
SL1344_4191	SL4191
SL1344_4192	SL4192
SL1344_4193	SL4193
SL1344_4194	SL4194
SL1344_4195	SL4195
SL1344_4196	SL4196
SL1344_4197	SL4197
SL1344_4198	SL4198
SL1344_4199	SL4199
SL1344_4200	SL4200
SL1344_4201	SL4201
SL1344_4202	SL4202
SL1344_4203	SL4203
SL1344_4204	SL4204
SL1344_4205	SL4205
SL1344_4206	SL4206
SL1344_4207	SL4207
SL1344_4208	SL4208
SL1344_4209	SL4209
SL1344_4210	SL4210
SL1344_4211	SL4211
SL1344_4212	SL4212
SL1344_4213	SL4213
SL1344_4214	SL4214
SL1344_4215	SL4215
SL1344_4216	SL4216
SL1344_4217	SL4217
SL1344_4218	SL4218
SL1344_4219	SL4219
SL1344_4220	SL4220
SL1344_4221	SL4221
SL1344_4223	SL4223
SL1344_4224	SL4224
SL1344_4225	SL4225
SL1344_4226	SL4226
SL1344_4227	SL4227
SL1344_4228	SL4228
SL1344_4229	SL4229
SL1344_4230	SL4230
SL1344_4231	SL4231
SL1344_4232	SL4232
SL1344_4233	SL4233
SL1344_4234	SL4234
SL1344_4235	SL4235
SL1344_4236	SL4236
SL1344_4237	SL4237
SL1344_4238	SL4238
SL1344_4239	SL4239
SL1344_4240	SL4240
SL1344_4241	SL4241
SL1344_4242	SL4242
SL1344_4243	SL4243
SL1344_4244	SL4244
SL1344_4245	SL4245
SL1344_4246	SL4246
SL1344_4247	SL4247
SL1344_4248	SL4248
SL1344_4249	SL4249
SL1344_4250	SL4250
SL1344_4251	SL4251
SL1344_4252	SL4252
SL1344_4253	SL4253
SL1344_4254	SL4254
SL1344_4255	SL4255
SL1344_4257	SL4257
SL1344_4258	SL4258
SL1344_4259	SL4259
SL1344_4260	SL4260
SL1344_4261	SL4261
SL1344_4262	SL4262
SL1344_4263	SL4263
SL1344_4264	SL4264
SL1344_4265	SL4265
SL1344_4266	SL4266
SL1344_4267	SL4267
SL1344_4268	SL4268
SL1344_4269	SL4269
SL1344_4270	SL4270
SL1344_4271	SL4271
SL1344_4272	SL4272
SL1344_4273	SL4273
SL1344_4274	SL4274
SL1344_4275	SL4275
SL1344_4276	SL4276
SL1344_4277	SL4277
SL1344_4278	SL4278
SL1344_4279	SL4279
SL1344_4280	SL4280
SL1344_4281	SL4281
SL1344_4282	SL4282
SL1344_4283	SL4283
SL1344_4284	SL4284
SL1344_4285	SL4285
SL1344_4286	SL4286
SL1344_4287	SL4287
SL1344_4288	SL4288
SL1344_4289	SL4289
SL1344_4290	SL4290
SL1344_4291	SL4291
SL1344_4292	SL4292
SL1344_4293	SL4293
SL1344_4294	SL4294
SL1344_4295	SL4295
SL1344_4296	SL4296
SL1344_4297	SL4297
SL1344_4298	SL4298
SL1344_4299	SL4299
SL1344_4300	SL4300
SL1344_4301	SL4301
SL1344_4302	SL4302
SL1344_4303	SL4303
SL1344_4304	SL4304
SL1344_4305	SL4305
SL1344_4306	SL4306
SL1344_4307	SL4307
SL1344_4308	SL4308
SL1344_4309	SL4309
SL1344_4310	SL4310
SL1344_4311	SL4311
SL1344_4312	SL4312
SL1344_4313	SL4313
SL1344_4314	SL4314
SL1344_4315	SL4315
SL1344_4316	SL4316
SL1344_4317	SL4317
SL1344_4318	SL4318
SL1344_4319	SL4319
SL1344_4320	SL4320
SL1344_4321	SL4321
SL1344_4322	SL4322
SL1344_4323	SL4323
SL1344_4324	SL4324
SL1344_4325	SL4325
SL1344_4326	SL4326
SL1344_4327	SL4327
SL1344_4328	SL4328
SL1344_4329	SL4329
SL1344_4330	SL4330
SL1344_4331	SL4331
SL1344_4332	SL4332
SL1344_4333	SL4333
SL1344_4334	SL4334
SL1344_4335	SL4335
SL1344_4336	SL4336
SL1344_4337	SL4337
SL1344_4338	SL4338
SL1344_4339	SL4339
SL1344_4340	SL4340
SL1344_4341	SL4341
SL1344_4342	SL4342
SL1344_4343	SL4343
SL1344_4344	SL4344
SL1344_4345	SL4345
SL1344_4346	SL4346
SL1344_4347	SL4347
SL1344_4348	SL4348
SL1344_4349	SL4349
SL1344_4350	SL4350
SL1344_4351	SL4351
SL1344_4352	SL4352
SL1344_4353	SL4353
SL1344_4354	SL4354
SL1344_4354A	SL4354A
SL1344_4355	SL4355
SL1344_4356	SL4356
SL1344_4357	SL4357
SL1344_4358	SL4358
SL1344_4359	SL4359
SL1344_4360	SL4360
SL1344_4361	SL4361
SL1344_4362	SL4362
SL1344_4363	SL4363
SL1344_4364	SL4364
SL1344_4365	SL4365
SL1344_4366	SL4366
SL1344_4367	SL4367
SL1344_4368	SL4368
SL1344_4369	SL4369
SL1344_4370	SL4370
SL1344_4371	SL4371
SL1344_4372	SL4372
SL1344_4373	SL4373
SL1344_4374	SL4374
SL1344_4375	SL4375
SL1344_4376	SL4376
SL1344_4377	SL4377
SL1344_4378	SL4378
SL1344_4379	SL4379
SL1344_4380	SL4380
SL1344_4381	SL4381
SL1344_4382	SL4382
SL1344_4383	SL4383
SL1344_4384	SL4384
SL1344_4385	SL4385
SL1344_4386	SL4386
SL1344_4387	SL4387
SL1344_4388	SL4388
SL1344_4389	SL4389
SL1344_4390	SL4390
SL1344_4391	SL4391
SL1344_4392	SL4392
SL1344_4393	SL4393
SL1344_4394	SL4394
SL1344_4395	SL4395
SL1344_4396	SL4396
SL1344_4397	SL4397
SL1344_4398	SL4398
SL1344_4399	SL4399
SL1344_4400	SL4400
SL1344_4401	SL4401
SL1344_4402	SL4402
SL1344_4403	SL4403
SL1344_4404	SL4404
SL1344_4405	SL4405
SL1344_4406	SL4406
SL1344_4407	SL4407
SL1344_4408	SL4408
SL1344_4409	SL4409
SL1344_4410	SL4410
SL1344_4411	SL4411
SL1344_4412	SL4412
SL1344_4413	SL4413
SL1344_4414	SL4414
SL1344_4415	SL4415
SL1344_4416	SL4416
SL1344_4417	SL4417
SL1344_4418	SL4418
SL1344_4419	SL4419
SL1344_4420	SL4420
SL1344_4421	SL4421
SL1344_4422	SL4422
SL1344_4423	SL4423
SL1344_4424	SL4424
SL1344_4425	SL4425
SL1344_4426	SL4426
SL1344_4427	SL4427
SL1344_4429	SL4429
SL1344_4430	SL4430
SL1344_4431	SL4431
SL1344_4432	SL4432
SL1344_4433	SL4433
SL1344_4434	SL4434
SL1344_4435	SL4435
SL1344_4436	SL4436
SL1344_4437	SL4437
SL1344_4438	SL4438
SL1344_4439	SL4439
SL1344_4440	SL4440
SL1344_4441	SL4441
SL1344_4442	SL4442
SL1344_4443	SL4443
SL1344_4444	SL4444
SL1344_4445	SL4445
SL1344_4446	SL4446
SL1344_4447	SL4447
SL1344_4448	SL4448
SL1344_4449	SL4449
SL1344_4450	SL4450
SL1344_4451	SL4451
SL1344_4452	SL4452
SL1344_4453	SL4453
SL1344_4454	SL4454
SL1344_4455	SL4455
SL1344_4456	SL4456
SL1344_4457	SL4457
SL1344_4458	SL4458
SL1344_4459	SL4459
SL1344_4460	SL4460
SL1344_4461	SL4461
SL1344_4462	SL4462
SL1344_4463	SL4463
SL1344_4464	SL4464
SL1344_4465	SL4465
SL1344_4466	SL4466
SL1344_4467	SL4467
SL1344_4468	SL4468
SL1344_4469	SL4469
SL1344_4470	SL4470
SL1344_4471	SL4471
SL1344_4472	SL4472
SL1344_4473	SL4473
SL1344_4474	SL4474
SL1344_4475	SL4475
SL1344_4476	SL4476
SL1344_4477	SL4477
SL1344_4478	SL4478
SL1344_4479	SL4479
SL1344_4480	SL4480
SL1344_4481	SL4481
SL1344_4482	SL4482
SL1344_4483	SL4483
SL1344_4484	SL4484
SL1344_4485	SL4485
SL1344_4486	SL4486
SL1344_4487	SL4487
SL1344_4488	SL4488
SL1344_4489	SL4489
SL1344_4490	SL4490
SL1344_4491	SL4491
SL1344_4492	SL4492
SL1344_4493	SL4493
SL1344_4494	SL4494
SL1344_4495	SL4495
SL1344_4496	SL4496
SL1344_4497	SL4497
SL1344_4498	SL4498
SL1344_4499	SL4499
SL1344_4500	SL4500
SL1344_4501	SL4501
SL1344_4502	SL4502
SL1344_4503	SL4503
SL1344_4504	SL4504
SL1344_4505	SL4505
SL1344_4506	SL4506
SL1344_4507	SL4507
SL1344_4508	SL4508
SL1344_4509	SL4509
SL1344_4510	SL4510
SL1344_4511	SL4511
SL1344_4512	SL4512
SL1344_4513	SL4513
SL1344_4514	SL4514
SL1344_4515	SL4515
SL1344_4516	SL4516
SL1344_4517	SL4517
SL1344_4518	SL4518
SL1344_4519	SL4519
SL1344_4520	SL4520
SL1344_4521	SL4521
SL1344_4522	SL4522
SL1344_4523	SL4523
SL1344_4525	SL4525
SL1344_4526	SL4526
SL1344_4527	SL4527
