ID	Description	GeneRatio	BgRatio	pvalue	p.adjust	qvalue	geneID	Count	GR	type	Names
Colgan_2016_ssrA_dn	Genes down-regulated in ssrA mutant	117/427	141/4273	1.29321395020027e-98	4.68143449972497e-96	3.94770574271661e-96	SL1344_0605/SL1344_1058/SL1344_1324/SL1344_3729/SL1344_4265/SL1344_2834/SL1344_1265/SL1344_2436/SL1344_3560/SL1344_1159/SL1344_1160/SL1344_1325/SL1344_1630/SL1344_1874/SL1344_0082/SL1344_4224/SL1344_1211/SL1344_1724/SL1344_2357/SL1344_4028/SL1344_4062/SL1344_2836/SL1344_4021/SL1344_2115/SL1344_1184/SL1344_1183/SL1344_1529/SL1344_4452/SL1344_ncRNA_273/SL1344_0302/SL1344_1530/SL1344_1531/SL1344_ncRNA_8/SL1344_0983/SL1344_1327/SL1344_2835/SL1344_ncRNA_157/SL1344_1528/SL1344_2763/SL1344_1794/SL1344_ncRNA_87/SL1344_1793/SL1344_4255/SL1344_1026/SL1344_1530A/SL1344_1340/SL1344_2363/SL1344_1330/SL1344_1341/SL1344_2256/SL1344_1353/SL1344_1328/SL1344_1799/SL1344_ncRNA_152/SL1344_2549/SL1344_0909/SL1344_1783/SL1344_4435/SL1344_1477/SL1344_1928/SL1344_1795/SL1344_1329/SL1344_2114/SL1344_1533/SL1344_4434/SL1344_1332/SL1344_1473/SL1344_4359/SL1344_1354/SL1344_1343/SL1344_1342/SL1344_1355/SL1344_2210/SL1344_2215/SL1344_1333/SL1344_1564/SL1344_1629/SL1344_1628/SL1344_1561/SL1344_2113/SL1344_0992/SL1344_1161/SL1344_1334/SL1344_1344/SL1344_1345/SL1344_1346/SL1344_1349/SL1344_1350/SL1344_1335/SL1344_1339/SL1344_1347/SL1344_1348/SL1344_0991/SL1344_1352/SL1344_2211/SL1344_2547/SL1344_2212/SL1344_1351/SL1344_2213/SL1344_1356/SL1344_1027/SL1344_2209/SL1344_2216/SL1344_1336/SL1344_1337/SL1344_1563/SL1344_1565/SL1344_1797/SL1344_2217/SL1344_ncRNA_11/SL1344_2221/SL1344_1532/SL1344_4358/SL1344_1338/SL1344_3191/SL1344_1560/SL1344_0083	117	0.274004683840749	vacuole	rna,wrbA,orf242,mgtC,yjeH,STM2854,STM1330,tal,STM3595,potD,potC,ssrB,ycjE,STM1941,STM0081,phnO,yaoF,treA,fadJ,yneC,frwB,hypC,ydeV,STM2139,pagC,pagD,ydcR,yjiS,STnc440,pagN,pdgL,ugtL,STnc3090,sodCa,ssaB,hypB,STnc3750,ydcW,pipB2,STM1863,STnc1480,pagO,phoN,pipA,STM1600,ssaG,pgtE,ssaE,ssaH,sseL,ssaR,ssaC,pagK,IsrH_1_2,STM2585A,sopD2,STM1854,STM4505,STM1548,SL1344_1928,STM1864,ssaD,srcA,yncJ,STM4504,sseBa,pqaA,iolI1,ssaS,ssaJ,ssaI,ssaT,STM2234,STM2239,sscA,STM1634,STM1698A,steC,sseJ,sseK2,STM1052,sifA,sseC,STM1410,ssaK,ssaL,ssaN,ssaO,sseD,sseG,ssaM,ssaV,sseI,ssaQ,STM2235,STM2585,STM2236,ssaP,STM2237,ssaU,pipB,STM2233,STM2240,sseE,sscB,STM1633,STM1635,pagM,sspH2,STnc470,STM2245,sifB,srfJ,sseF,oat,STM1630,STM0082
Colgan_2016_ssrB_dn	Genes down-regulated in ssrB mutant	126/427	166/4273	1.57805558025889e-97	2.85628060026859e-95	2.4086111488162e-95	SL1344_1780/SL1344_0605/SL1344_1058/SL1344_1497/SL1344_1324/SL1344_2622/SL1344_3729/SL1344_2117/SL1344_4265/SL1344_2834/SL1344_1265/SL1344_0836/SL1344_1326/SL1344_2436/SL1344_0839/SL1344_1611/SL1344_3560/SL1344_1159/SL1344_1160/SL1344_1630/SL1344_1874/SL1344_0082/SL1344_0213/SL1344_4224/SL1344_1211/SL1344_1724/SL1344_2357/SL1344_4028/SL1344_4062/SL1344_2836/SL1344_4341/SL1344_4021/SL1344_2115/SL1344_1184/SL1344_1183/SL1344_1529/SL1344_4452/SL1344_ncRNA_273/SL1344_0302/SL1344_1530/SL1344_1531/SL1344_ncRNA_8/SL1344_0983/SL1344_1327/SL1344_2835/SL1344_ncRNA_157/SL1344_1528/SL1344_2763/SL1344_1794/SL1344_ncRNA_87/SL1344_1793/SL1344_4255/SL1344_1530A/SL1344_1340/SL1344_2363/SL1344_1330/SL1344_1341/SL1344_2256/SL1344_1353/SL1344_1328/SL1344_1799/SL1344_ncRNA_152/SL1344_2549/SL1344_0909/SL1344_1783/SL1344_4435/SL1344_1477/SL1344_1928/SL1344_1795/SL1344_1329/SL1344_2114/SL1344_1533/SL1344_4434/SL1344_1332/SL1344_1473/SL1344_4359/SL1344_0835/SL1344_1354/SL1344_1343/SL1344_1342/SL1344_1355/SL1344_2210/SL1344_2215/SL1344_1333/SL1344_1564/SL1344_1629/SL1344_1628/SL1344_1561/SL1344_2113/SL1344_0992/SL1344_1161/SL1344_1334/SL1344_1344/SL1344_1345/SL1344_1346/SL1344_1349/SL1344_1350/SL1344_1335/SL1344_1339/SL1344_1347/SL1344_1348/SL1344_0991/SL1344_1352/SL1344_2211/SL1344_2547/SL1344_2212/SL1344_1351/SL1344_2213/SL1344_1356/SL1344_1027/SL1344_2209/SL1344_2216/SL1344_1336/SL1344_1337/SL1344_1563/SL1344_1565/SL1344_1797/SL1344_2217/SL1344_ncRNA_11/SL1344_2221/SL1344_1532/SL1344_4358/SL1344_1338/SL1344_3191/SL1344_1560/SL1344_0083	126	0.295081967213115	vacuole	STM1851,rna,wrbA,adhP,orf242,rluD,mgtC,yegS,yjeH,STM2854,STM1330,STM0860,spiR,tal,dacC,ycjG,STM3595,potD,potC,ycjE,STM1941,STM0081,STM0212,phnO,yaoF,treA,fadJ,yneC,frwB,hypC,msrA,ydeV,STM2139,pagC,pagD,ydcR,yjiS,STnc440,pagN,pdgL,ugtL,STnc3090,sodCa,ssaB,hypB,STnc3750,ydcW,pipB2,STM1863,STnc1480,pagO,phoN,STM1600,ssaG,pgtE,ssaE,ssaH,sseL,ssaR,ssaC,pagK,IsrH_1_2,STM2585A,sopD2,STM1854,STM4505,STM1548,SL1344_1928,STM1864,ssaD,srcA,yncJ,STM4504,sseBa,pqaA,iolI1,STM0859,ssaS,ssaJ,ssaI,ssaT,STM2234,STM2239,sscA,STM1634,STM1698A,steC,sseJ,sseK2,STM1052,sifA,sseC,STM1410,ssaK,ssaL,ssaN,ssaO,sseD,sseG,ssaM,ssaV,sseI,ssaQ,STM2235,STM2585,STM2236,ssaP,STM2237,ssaU,pipB,STM2233,STM2240,sseE,sscB,STM1633,STM1635,pagM,sspH2,STnc470,STM2245,sifB,srfJ,sseF,oat,STM1630,STM0082
Colgan_2016_slyA_dn	Genes down-regulated in slyA mutant	129/427	189/4273	3.63549725582444e-90	4.3868333553615e-88	3.6992779094354e-88	SL1344_1780/SL1344_0605/SL1344_1185/SL1344_1324/SL1344_2622/SL1344_1278/SL1344_3729/SL1344_2117/SL1344_4265/SL1344_2834/SL1344_1265/SL1344_3423/SL1344_1326/SL1344_2436/SL1344_2299/SL1344_1611/SL1344_3560/SL1344_1159/SL1344_1181/SL1344_1160/SL1344_1325/SL1344_1630/SL1344_1874/SL1344_4029/SL1344_0082/SL1344_0213/SL1344_4224/SL1344_1211/SL1344_1724/SL1344_2357/SL1344_4028/SL1344_4062/SL1344_2836/SL1344_4021/SL1344_2115/SL1344_1184/SL1344_1183/SL1344_1529/SL1344_4452/SL1344_ncRNA_273/SL1344_0302/SL1344_1530/SL1344_1531/SL1344_ncRNA_8/SL1344_0983/SL1344_1327/SL1344_2835/SL1344_ncRNA_157/SL1344_1528/SL1344_2763/SL1344_1794/SL1344_ncRNA_87/SL1344_1793/SL1344_4255/SL1344_1530A/SL1344_1340/SL1344_1415/SL1344_2363/SL1344_1330/SL1344_1341/SL1344_2256/SL1344_1353/SL1344_1328/SL1344_1799/SL1344_ncRNA_152/SL1344_2549/SL1344_0909/SL1344_1783/SL1344_4435/SL1344_1477/SL1344_1928/SL1344_1795/SL1344_1329/SL1344_2114/SL1344_1533/SL1344_4434/SL1344_1332/SL1344_1473/SL1344_4359/SL1344_0835/SL1344_1354/SL1344_1343/SL1344_1342/SL1344_1355/SL1344_2210/SL1344_2215/SL1344_1333/SL1344_1564/SL1344_1629/SL1344_1628/SL1344_1561/SL1344_2113/SL1344_0992/SL1344_1161/SL1344_1334/SL1344_1344/SL1344_1345/SL1344_1346/SL1344_1349/SL1344_1350/SL1344_1335/SL1344_1339/SL1344_1347/SL1344_1348/SL1344_0991/SL1344_1352/SL1344_2211/SL1344_2547/SL1344_2212/SL1344_1351/SL1344_2213/SL1344_1356/SL1344_1027/SL1344_2209/SL1344_2216/SL1344_1336/SL1344_1337/SL1344_1563/SL1344_1565/SL1344_1797/SL1344_2217/SL1344_ncRNA_11/SL1344_2221/SL1344_1532/SL1344_4358/SL1344_1338/SL1344_3191/SL1344_1560/SL1344_0083	129	0.302107728337237	vacuole	STM1851,rna,pliC,orf242,rluD,ydiV,mgtC,yegS,yjeH,STM2854,STM1330,yheV,spiR,tal,lrhA,ycjG,STM3595,potD,envE,potC,ssrB,ycjE,STM1941,STM4080,STM0081,STM0212,phnO,yaoF,treA,fadJ,yneC,frwB,hypC,ydeV,STM2139,pagC,pagD,ydcR,yjiS,STnc440,pagN,pdgL,ugtL,STnc3090,sodCa,ssaB,hypB,STnc3750,ydcW,pipB2,STM1863,STnc1480,pagO,phoN,STM1600,ssaG,asr,pgtE,ssaE,ssaH,sseL,ssaR,ssaC,pagK,IsrH_1_2,STM2585A,sopD2,STM1854,STM4505,STM1548,SL1344_1928,STM1864,ssaD,srcA,yncJ,STM4504,sseBa,pqaA,iolI1,STM0859,ssaS,ssaJ,ssaI,ssaT,STM2234,STM2239,sscA,STM1634,STM1698A,steC,sseJ,sseK2,STM1052,sifA,sseC,STM1410,ssaK,ssaL,ssaN,ssaO,sseD,sseG,ssaM,ssaV,sseI,ssaQ,STM2235,STM2585,STM2236,ssaP,STM2237,ssaU,pipB,STM2233,STM2240,sseE,sscB,STM1633,STM1635,pagM,sspH2,STnc470,STM2245,sifB,srfJ,sseF,oat,STM1630,STM0082
ST474_Macrophage	474 genes up-regulated in macrophages	198/427	500/4273	3.66219158897562e-84	3.31428338802293e-82	2.7948304231656e-82	SL1344_2602/SL1344_0589/SL1344_3176/SL1344_0605/SL1344_3730/SL1344_0684/SL1344_2196/SL1344_3650/SL1344_1732/SL1344_1666/SL1344_2621/SLP1_0007/SL1344_0869/SL1344_2622/SL1344_4025/SLP1_0061/SL1344_0006/SL1344_1765/SLP1_0063/SL1344_3729/SL1344_1567/SL1344_3311/SL1344_4265/SLP1_0016/SLP1_0094/SL1344_1330A/SL1344_2603/SL1344_3192/SL1344_4026/SL1344_1451/SL1344_4054/SL1344_0410/SL1344_1789/SL1344_4015/SL1344_2773/SL1344_1265/SL1344_3423/SL1344_0836/SL1344_4365/SL1344_1182/SL1344_0839/SL1344_1762/SL1344_2299/SL1344_0887/SL1344_1611/SL1344_3560/SL1344_1761/SL1344_4310/SL1344_1181/SL1344_1474/SL1344_0004/SL1344_1630/SL1344_1874/SL1344_3936/SL1344_4029/SL1344_4063/SLP2_0036/SL1344_3116/SL1344_4027/SL1344_0082/SL1344_0213/SL1344_4224/SL1344_2643/SL1344_0747/SL1344_1033/SL1344_1211/SL1344_1217/SL1344_3737/SLP2_0071/SL1344_1760/SL1344_4118/SL1344_4469/SL1344_1724/SL1344_4028/SL1344_4062/SL1344_0299/SL1344_0832/SL1344_1188/SL1344_3773/SLP1_0064/SL1344_0003/SL1344_0303/SL1344_3734/SL1344_4470/SL1344_2836/SL1344_3307/SL1344_0830/SL1344_4341/SL1344_2955/SL1344_4211/SL1344_2723/SL1344_4021/SL1344_2115/SL1344_3310/SL1344_3308/SL1344_0373/SL1344_2156/SL1344_1184/SL1344_2155/SL1344_1183/SL1344_1678/SL1344_2837/SL1344_1414A/SL1344_0831/SL1344_1032/SL1344_1529/SL1344_1469/SL1344_1798/SL1344_3106/SL1344_4452/SL1344_ncRNA_273/SL1344_0302/SL1344_3736/SL1344_0767/SL1344_1530/SL1344_0696/SL1344_1531/SL1344_2774/SL1344_ncRNA_8/SLP1_0068/SL1344_0983/SL1344_1782/SL1344_1467/SL1344_2835/SL1344_ncRNA_157/SL1344_4384/SLP1_0045/SL1344_1796/SL1344_1528/SL1344_2763/SL1344_1794/SL1344_2956/SL1344_1468/SL1344_3728/SL1344_ncRNA_87/SL1344_1793/SL1344_4255/SL1344_1026/SLP2_0027/SL1344_3309/SL1344_1530A/SL1344_1415/SL1344_2363/SL1344_3107/SLP2_0069/SL1344_2256/SL1344_1799/SL1344_ncRNA_152/SL1344_2549/SL1344_0909/SL1344_1783/SL1344_4435/SL1344_1477/SL1344_1928/SL1344_2725/SL1344_1795/SL1344_2114/SL1344_1533/SL1344_4434/SL1344_1473/SL1344_0835/SL1344_1873/SL1344_3727A/SL1344_2215/SLP1_0067/SL1344_1628/SL1344_1561/SL1344_2775/SL1344_0992/SL1344_1161/SL1344_1825/SL1344_3645/SL1344_2776/SL1344_0991/SL1344_2211/SL1344_2547/SL1344_1471/SL1344_2212/SL1344_2213/SL1344_1472/SL1344_1027/SL1344_2216/SL1344_1563/SL1344_1565/SL1344_1566/SL1344_1797/SL1344_2217/SL1344_2221/SL1344_1532/SL1344_3013/SL1344_4210/SL1344_0083A/SL1344_4358/SL1344_3191/SL1344_1560/SL1344_0083/SL1344_0462/SL1344_2219	198	0.463700234192037	vacuole	rseB,ybdD,ygiM,rna,yicL,kdpE,yejF,mtlA,ycgB,ispZ,yfiH,traD,STM0930,rluD,ydeZ,PSLT046,yaaJ,ftsI2,rlgA,mgtC,STM1637,nanA,yjeH,traN,srgA,STM1331,rseA,fadH,yneA,marC,STM4104,ribD,STM1859,STM4066,csiD,STM1330,yheV,STM0860,iolI2,cspH,dacC,STM1833,lrhA,STM0948,ycjG,STM3595,STM1832,aidB,envE,STM1545,thrC,ycjE,STM1941,fadB,STM4080,pflD,ycjA,STM3142,yneB,STM0081,STM0212,phnO,gpD,STM0770,pipD,yaoF,yeaK,STM3772,sogL,STM1831,aceB,STM4538,treA,yneC,frwB,ybeJ,STM0856,STM1252,yidH,PSLT043,thrB,sciZ,STM3769,STM4539,hypC,yhcH,STM0854,msrA,fucP,acs,STM2740,ydeV,STM2139,nanT,nanK,yaiY,STM2179,pagC,STM2178,pagD,STM1747,hypD,ydgU,STM0855,STM1093,ydcR,STM1540,SL1344_1798,STM3132,yjiS,STnc440,pagN,STM3771,hutU,pdgL,STM0715,ugtL,ygaF,STnc3090,spvB,sodCa,pphA,hyaB2,hypB,STnc3750,treC,PSLT061,STM1865,ydcW,pipB2,STM1863,fucI,hyaA2,mgtB,STnc1480,pagO,phoN,pipA,ycdB,nanE,STM1600,asr,pgtE,STM3133,traL,sseL,pagK,IsrH_1_2,STM2585A,sopD2,STM1854,STM4505,STM1548,SL1344_1928,STM2741,STM1864,srcA,yncJ,STM4504,pqaA,STM0859,STM1940,mgtR,STM2239,spvA,steC,sseJ,gabD,STM1052,sifA,znuA,aldB,gabT,sseI,STM2235,STM2585,STM1542,STM2236,STM2237,STM1543,pipB,STM2240,STM1633,STM1635,STM1636,pagM,sspH2,STM2245,sifB,STM3036,yjcH,SL1344_0083A,srfJ,oat,STM1630,STM0082,rpmE2,STM2243
Colgan_2016_phoPQ_dn	Genes down-regulated in phoPQ mutant	144/427	281/4273	1.21313329299297e-76	8.78308504126913e-75	7.40649799932552e-75	SL1344_1167/SL1344_1780/SL1344_0605/SL1344_1058/SL1344_3730/SL1344_1497/SL1344_1732/SL1344_1324/SL1344_2621/SL1344_4223/SL1344_2622/SL1344_3729/SL1344_2437/SL1344_2117/SL1344_4265/SL1344_3139/SL1344_2834/SL1344_1451/SL1344_0410/SL1344_1204/SL1344_1265/SL1344_3423/SL1344_0836/SL1344_1326/SL1344_2436/SL1344_0839/SL1344_2299/SL1344_1611/SL1344_3560/SL1344_3523/SL1344_1159/SL1344_1160/SL1344_1325/SL1344_1630/SL1344_1874/SL1344_4029/SL1344_4027/SL1344_0082/SL1344_0213/SL1344_4224/SL1344_1211/SL1344_1724/SL1344_2357/SL1344_4028/SL1344_4062/SL1344_2836/SL1344_4341/SL1344_4021/SL1344_2115/SL1344_1184/SL1344_1183/SL1344_1529/SL1344_4452/SL1344_ncRNA_273/SL1344_0302/SL1344_1530/SL1344_1531/SL1344_ncRNA_8/SL1344_0983/SL1344_1327/SL1344_2835/SL1344_ncRNA_157/SL1344_1528/SL1344_2763/SL1344_1794/SL1344_ncRNA_87/SL1344_1793/SL1344_4255/SL1344_1026/SL1344_1530A/SL1344_1340/SL1344_1415/SL1344_2363/SL1344_1330/SL1344_1341/SL1344_2256/SL1344_1353/SL1344_1328/SL1344_1799/SL1344_ncRNA_152/SL1344_2549/SL1344_0909/SL1344_1783/SL1344_4435/SL1344_1477/SL1344_1928/SL1344_1795/SL1344_1329/SL1344_2114/SL1344_1533/SL1344_4434/SL1344_1332/SL1344_1473/SL1344_4359/SL1344_0835/SL1344_1354/SL1344_1343/SL1344_1342/SL1344_1355/SL1344_2210/SL1344_2215/SL1344_1333/SL1344_1564/SL1344_1629/SL1344_1628/SL1344_1561/SL1344_2113/SL1344_0992/SL1344_1161/SL1344_1334/SL1344_1344/SL1344_1345/SL1344_1346/SL1344_1349/SL1344_1350/SL1344_1335/SL1344_1339/SL1344_1347/SL1344_1348/SL1344_0991/SL1344_1352/SL1344_2211/SL1344_2547/SL1344_2212/SL1344_1351/SL1344_2213/SL1344_1356/SL1344_1027/SL1344_2209/SL1344_2216/SL1344_1336/SL1344_1337/SL1344_1563/SL1344_1565/SL1344_1797/SL1344_2217/SL1344_ncRNA_11/SL1344_2221/SL1344_1532/SL1344_4358/SL1344_1338/SL1344_3191/SL1344_1560/SL1344_0083	144	0.337236533957845	vacuole	ycfD,STM1851,rna,wrbA,yicL,adhP,ycgB,orf242,yfiH,lpxO,rluD,mgtC,tktB,yegS,yjeH,dkgA,STM2854,marC,ribD,aroQ,STM1330,yheV,STM0860,spiR,tal,dacC,lrhA,ycjG,STM3595,ugpB,potD,potC,ssrB,ycjE,STM1941,STM4080,yneB,STM0081,STM0212,phnO,yaoF,treA,fadJ,yneC,frwB,hypC,msrA,ydeV,STM2139,pagC,pagD,ydcR,yjiS,STnc440,pagN,pdgL,ugtL,STnc3090,sodCa,ssaB,hypB,STnc3750,ydcW,pipB2,STM1863,STnc1480,pagO,phoN,pipA,STM1600,ssaG,asr,pgtE,ssaE,ssaH,sseL,ssaR,ssaC,pagK,IsrH_1_2,STM2585A,sopD2,STM1854,STM4505,STM1548,SL1344_1928,STM1864,ssaD,srcA,yncJ,STM4504,sseBa,pqaA,iolI1,STM0859,ssaS,ssaJ,ssaI,ssaT,STM2234,STM2239,sscA,STM1634,STM1698A,steC,sseJ,sseK2,STM1052,sifA,sseC,STM1410,ssaK,ssaL,ssaN,ssaO,sseD,sseG,ssaM,ssaV,sseI,ssaQ,STM2235,STM2585,STM2236,ssaP,STM2237,ssaU,pipB,STM2233,STM2240,sseE,sscB,STM1633,STM1635,pagM,sspH2,STnc470,STM2245,sifB,srfJ,sseF,oat,STM1630,STM0082
D23_Macrophage	D23580 genes up-regulated in macrophages	147/427	379/4273	8.41572926759059e-58	5.07748999144632e-56	4.28168682035311e-56	SL1344_1780/SL1344_2602/SL1344_0589/SL1344_3176/SL1344_0605/SL1344_3730/SL1344_1666/SL1344_2621/SLP1_0007/SL1344_0869/SL1344_2622/SL1344_4025/SLP1_0061/SL1344_0006/SL1344_1278/SL1344_1609/SL1344_1765/SL1344_3729/SL1344_0411/SL1344_3921/SL1344_4265/SLP1_0094/SL1344_1330A/SL1344_2603/SL1344_4026/SL1344_1574/SL1344_1179/SL1344_1576/SL1344_1451/SL1344_4054/SL1344_0410/SL1344_2773/SL1344_1204/SL1344_1265/SL1344_3423/SL1344_0836/SL1344_1182/SL1344_0839/SL1344_1762/SL1344_2299/SL1344_1611/SL1344_3560/SL1344_1181/SL1344_1474/SL1344_0004/SL1344_1874/SL1344_2546/SL1344_4029/SL1344_4027/SL1344_0082/SL1344_0213/SL1344_4224/SL1344_0747/SL1344_1033/SL1344_1211/SL1344_1575/SL1344_3737/SL1344_0351/SL1344_4028/SL1344_4062/SL1344_0299/SL1344_0832/SL1344_1188/SL1344_3773/SL1344_0003/SL1344_0303/SL1344_0620/SL1344_0830/SL1344_4341/SL1344_4211/SL1344_4338/SL1344_2115/SL1344_0373/SL1344_2156/SL1344_1184/SL1344_2155/SL1344_1183/SL1344_1678/SL1344_0831/SL1344_1529/SL1344_1469/SL1344_3106/SL1344_4452/SL1344_ncRNA_273/SL1344_0302/SL1344_3736/SL1344_1530/SL1344_0696/SL1344_1531/SL1344_2774/SL1344_ncRNA_8/SLP1_0068/SLP1_0069/SL1344_0983/SL1344_1782/SL1344_2777/SL1344_ncRNA_157/SL1344_4384/SL1344_1528/SL1344_2763/SL1344_1468/SL1344_3728/SL1344_ncRNA_87/SL1344_4255/SL1344_1026/SL1344_1530A/SL1344_1415/SL1344_2363/SL1344_3107/SL1344_2549/SL1344_0909/SL1344_1783/SL1344_4435/SL1344_1477/SL1344_1928/SL1344_2725/SL1344_2114/SL1344_1533/SL1344_4434/SL1344_1473/SL1344_0835/SL1344_2215/SL1344_4209/SL1344_1564/SLP1_0067/SL1344_1628/SL1344_1561/SL1344_2113/SL1344_2775/SL1344_3645/SL1344_2776/SL1344_2547/SL1344_1471/SL1344_1472/SL1344_1027/SL1344_2216/SL1344_1563/SL1344_1565/SL1344_1566/SL1344_2217/SL1344_2221/SL1344_1532/SL1344_3013/SL1344_4210/SL1344_3191/SL1344_0083/SL1344_2219	147	0.344262295081967	vacuole	STM1851,rseB,ybdD,ygiM,rna,yicL,ispZ,yfiH,traD,STM0930,rluD,ydeZ,PSLT046,yaaJ,ydiV,mppA,ftsI2,mgtC,ribH,dlhH,yjeH,srgA,STM1331,rseA,yneA,ydbL,envF,ydbH,marC,STM4104,ribD,csiD,aroQ,STM1330,yheV,STM0860,cspH,dacC,STM1833,lrhA,ycjG,STM3595,envE,STM1545,thrC,STM1941,gogB,STM4080,yneB,STM0081,STM0212,phnO,STM0770,pipD,yaoF,ynbE,STM3772,STM0356,yneC,frwB,ybeJ,STM0856,STM1252,yidH,thrB,sciZ,tatE,STM0854,msrA,acs,ytfJ,STM2139,yaiY,STM2179,pagC,STM2178,pagD,STM1747,STM0855,ydcR,STM1540,STM3132,yjiS,STnc440,pagN,STM3771,pdgL,STM0715,ugtL,ygaF,STnc3090,spvB,spvC,sodCa,pphA,gabP,STnc3750,treC,ydcW,pipB2,hyaA2,mgtB,STnc1480,phoN,pipA,STM1600,asr,pgtE,STM3133,STM2585A,sopD2,STM1854,STM4505,STM1548,SL1344_1928,STM2741,srcA,yncJ,STM4504,pqaA,STM0859,STM2239,actP,STM1634,spvA,steC,sseJ,sseK2,gabD,aldB,gabT,STM2585,STM1542,STM1543,pipB,STM2240,STM1633,STM1635,STM1636,sspH2,STM2245,sifB,STM3036,yjcH,oat,STM0082,STM2243
SPI2_eff	SPI-2 genes and effectors	53/427	70/4273	7.67522962701494e-40	3.96919017854201e-38	3.34709261929975e-38	SL1344_1324/SL1344_1326/SL1344_1325/SL1344_2546/SLP1_0070/SL1344_2115/SLP1_0068/SLP1_0069/SL1344_1316/SL1344_1327/SL1344_2763/SL1344_1340/SL1344_1330/SL1344_1341/SL1344_2256/SL1344_1315/SL1344_1353/SL1344_1328/SL1344_0909/SL1344_1331/SL1344_1329/SL1344_1332/SL1344_1354/SL1344_1343/SL1344_1342/SL1344_1355/SL1344_1333/SL1344_1628/SL1344_1561/SL1344_2113/SL1344_1161/SL1344_1334/SL1344_1344/SL1344_1345/SL1344_1346/SL1344_1349/SL1344_1350/SL1344_1335/SL1344_1339/SL1344_1347/SL1344_1348/SL1344_0991/SL1344_1352/SL1344_2547/SL1344_1351/SL1344_1356/SL1344_1027/SL1344_1336/SL1344_1337/SL1344_2217/SL1344_1532/SL1344_4358/SL1344_1338	53	0.124121779859485	vacuole	orf242,spiR,ssrB,gogB,spvD,STM2139,spvB,spvC,orf408,ssaB,pipB2,ssaG,ssaE,ssaH,sseL,orf245,ssaR,ssaC,sopD2,sseA,ssaD,sseBa,ssaS,ssaJ,ssaI,ssaT,sscA,steC,sseJ,sseK2,sifA,sseC,STM1410,ssaK,ssaL,ssaN,ssaO,sseD,sseG,ssaM,ssaV,sseI,ssaQ,STM2585,ssaP,ssaU,pipB,sseE,sscB,sspH2,sifB,srfJ,sseF
ST474_InSPI2	474 genes up-regulated under InSPI2 conditions	59/427	155/4273	1.23360347768866e-21	5.58205573654117e-20	4.70717116486461e-20	SL1344_1780/SL1344_1204/SL1344_1159/SL1344_1160/SL1344_1630/SLP1_0066/SLP1_0070/SL1344_2357/SL1344_4021/SL1344_1184/SL1344_3230/SL1344_ncRNA_273/SL1344_1531/SL1344_ncRNA_8/SLP1_0068/SLP1_0069/SL1344_2763/SL1344_1530A/SL1344_1415/SL1344_2256/SL1344_1799/SL1344_ncRNA_152/SL1344_2549/SL1344_0909/SL1344_1477/SL1344_1928/SL1344_2114/SL1344_1533/SL1344_4359/SL1344_2210/SL1344_2215/SL1344_1564/SL1344_1629/SLP1_0067/SL1344_1628/SL1344_1561/SL1344_2113/SL1344_0992/SL1344_1161/SL1344_0991/SL1344_2211/SL1344_2547/SL1344_2212/SL1344_2213/SL1344_1027/SL1344_2209/SL1344_2216/SL1344_1563/SL1344_1565/SL1344_1566/SL1344_1797/SL1344_2217/SL1344_ncRNA_11/SL1344_2221/SL1344_1532/SL1344_0083A/SL1344_4358/SL1344_1560/SL1344_0083	59	0.138173302107728	vacuole	STM1851,aroQ,potD,potC,ycjE,spvR,spvD,fadJ,ydeV,pagC,STM3257,STnc440,ugtL,STnc3090,spvB,spvC,pipB2,STM1600,asr,sseL,pagK,IsrH_1_2,STM2585A,sopD2,STM1548,SL1344_1928,srcA,yncJ,iolI1,STM2234,STM2239,STM1634,STM1698A,spvA,steC,sseJ,sseK2,STM1052,sifA,sseI,STM2235,STM2585,STM2236,STM2237,pipB,STM2233,STM2240,STM1633,STM1635,STM1636,pagM,sspH2,STnc470,STM2245,sifB,SL1344_0083A,srfJ,STM1630,STM0082
path:sey00190	Oxidative phosphorylation	21/427	45/4273	2.39056106573437e-10	9.61536784217601e-09	8.10833577851423e-09	SL1344_0722/SL1344_0723/SL1344_3838/SL1344_2292/SL1344_3835/SL1344_4279/SL1344_0717/SL1344_2294/SL1344_3834/SL1344_3833/SL1344_2293/SL1344_2295/SL1344_0716/SL1344_3832/SL1344_2287/SL1344_2290/SL1344_2286/SL1344_2285/SL1344_2289/SL1344_2291/SL1344_2288	21	0.0491803278688525	vacuole	cydA,cydB,atpB,nuoG,atpH,frdB,sdhB,nuoE,atpA,atpG,nuoF,nuoC,sdhA,atpD,nuoL,nuoI,nuoM,nuoN,nuoJ,nuoH,nuoK
D23_InSPI2	D23580 genes up-regulated under InSPI2 conditions	25/427	65/4273	7.35230789358705e-10	2.66153545747851e-08	2.24438872541078e-08	SL1344_1204/SL1344_1630/SLP1_0070/SL1344_1531/SLP1_0069/SL1344_1530A/SL1344_2256/SL1344_2549/SL1344_0909/SL1344_1928/SL1344_1533/SL1344_4434/SL1344_2215/SL1344_1564/SL1344_1629/SL1344_1628/SL1344_2113/SL1344_1027/SL1344_2216/SL1344_1563/SL1344_1565/SL1344_1566/SL1344_2217/SL1344_ncRNA_11/SL1344_1532	25	0.0585480093676815	vacuole	aroQ,ycjE,spvD,ugtL,spvC,STM1600,sseL,STM2585A,sopD2,SL1344_1928,yncJ,STM4504,STM2239,STM1634,STM1698A,steC,sseK2,pipB,STM2240,STM1633,STM1635,STM1636,sspH2,STnc470,sifB
Fink_2007_fnr_up	Genes up-regulated in fnr mutant	34/427	121/4273	9.71804387881311e-09	3.13391217092945e-07	2.64272907696872e-07	SL1344_0722/SL1344_0723/SL1344_4166/SL1344_4060/SL1344_3981/SL1344_0719/SL1344_4168/SL1344_2294/SL1344_0720/SL1344_2293/SL1344_2310/SL1344_2295/SL1344_1761/SL1344_4027/SL1344_0653/SL1344_1760/SL1344_3984/SL1344_4469/SL1344_0652/SL1344_4062/SL1344_3221/SL1344_4470/SL1344_2287/SL1344_0651/SL1344_2285/SL1344_3982/SL1344_0768/SL1344_2289/SL1344_0767/SL1344_1467/SL1344_3983/SL1344_1468/SL1344_2256/SL1344_0909	34	0.0796252927400468	vacuole	cydA,cydB,malE,ptsA,fdhE,sucB,lamB,nuoE,sucC,nuoF,STM2341,nuoC,STM1832,yneB,gltJ,STM1831,fdoG,STM4538,gltK,frwB,garRb,STM4539,nuoL,gltL,nuoN,fdoI,hutH,nuoJ,hutU,hyaB2,fdoH,hyaA2,sseL,sopD2
path:sey05132	Salmonella infection	17/427	36/4273	1.03886591301529e-08	3.13391217092945e-07	2.64272907696872e-07	SL1344_2546/SLP1_0070/SLP1_0068/SLP1_0069/SL1344_2763/SL1344_1026/SL1344_1340/SL1344_2256/SL1344_0909/SL1344_1928/SL1344_1561/SL1344_2113/SL1344_1161/SL1344_1339/SL1344_0991/SL1344_2217/SL1344_1338	17	0.0398126463700234	vacuole	gogB,spvD,spvB,spvC,pipB2,pipA,ssaG,sseL,sopD2,SL1344_1928,sseJ,sseK2,sifA,sseG,sseI,sspH2,sseF
Colgan_2016_hilD_ESP_dn	Genes down-regulated in hilD mutant in early stationary phase	31/427	109/4273	3.29774236626444e-08	9.1829441275979e-07	7.74368652807034e-07	SL1344_4026/SL1344_1265/SL1344_1326/SL1344_1325/SL1344_4027/SL1344_2227/SL1344_4028/SL1344_1184/SL1344_2225/SL1344_3106/SL1344_ncRNA_273/SL1344_1531/SL1344_ncRNA_87/SL1344_4255/SL1344_1530A/SL1344_2226/SL1344_1340/SL1344_3107/SL1344_1330/SL1344_1341/SL1344_1799/SL1344_0909/SL1344_1783/SL1344_1332/SL1344_1343/SL1344_1342/SL1344_1333/SL1344_1334/SL1344_2547/SL1344_1027/SL1344_1797	31	0.0725995316159251	vacuole	yneA,STM1330,spiR,ssrB,yneB,napH,yneC,pagC,napC,STM3132,STnc440,ugtL,STnc1480,phoN,STM1600,napB,ssaG,STM3133,ssaE,ssaH,pagK,sopD2,STM1854,sseBa,ssaJ,ssaI,sscA,sseC,STM2585,pipB,pagM
Colgan_2016_rpoS_up	Genes up-regulated in rpoS mutant	15/427	36/4273	6.00269119810538e-07	1.55212443836725e-05	1.30885747928613e-05	SL1344_0717/SL1344_ncRNA_142/SL1344_1327/SL1344_2763/SL1344_1340/SL1344_1330/SL1344_1341/SL1344_1353/SL1344_0909/SL1344_1928/SL1344_1343/SL1344_1342/SL1344_1347/SL1344_1337/SL1344_1532	15	0.0351288056206089	vacuole	sdhB,CyaR,ssaB,pipB2,ssaG,ssaE,ssaH,ssaR,sopD2,SL1344_1928,ssaJ,ssaI,ssaM,sscB,sifB
path:sey01120	Microbial metabolism in diverse environments	53/427	280/4273	1.86621117504952e-06	4.50378963578619e-05	3.79790344396044e-05	SL1344_2435/SL1344_1581/SL1344_0910/SL1344_1644/SL1344_1497/SL1344_2437/SL1344_1708/SL1344_3921/SL1344_0719/SL1344_4279/SL1344_0717/SL1344_0720/SL1344_2773/SL1344_2310/SL1344_4365/SL1344_2436/SL1344_1508/SL1344_0716/SL1344_0718/SL1344_0004/SL1344_3936/SL1344_4029/SL1344_4063/SL1344_1691/SL1344_1692/SL1344_3737/SL1344_4118/SL1344_3984/SL1344_2357/SL1344_0003/SL1344_3734/SL1344_3733/SL1344_3935/SL1344_4211/SL1344_3982/SL1344_1509/SL1344_2155/SL1344_2957/SL1344_4119/SL1344_3736/SL1344_2774/SL1344_1467/SL1344_3983/SL1344_1528/SL1344_2956/SL1344_1468/SL1344_2226/SL1344_4359/SL1344_2775/SL1344_3645/SL1344_2776/SL1344_3191/SL1344_4396	53	0.124121779859485	vacuole	maeB,nifJ,pflB,acnA,adhP,tktB,prs,dlhH,sucB,frdB,sdhB,sucC,csiD,STM2341,iolI2,tal,narZ,sdhA,sucA,thrC,fadB,STM4080,pflD,narH,narG,STM3772,aceB,fdoG,fadJ,thrB,STM3769,STM3768,fadA,acs,fdoI,narY,STM2178,fucK,aceA,STM3771,ygaF,hyaB2,fdoH,ydcW,fucI,hyaA2,napB,iolI1,gabD,aldB,gabT,oat,STM4466
path:sey00310	Lysine degradation	9/427	15/4273	2.65018391259151e-06	5.9960411022383e-05	5.05627193849697e-05	SL1344_0719/SL1344_2773/SL1344_3936/SL1344_2357/SL1344_2774/SL1344_1528/SL1344_2775/SL1344_2776/SL1344_3191	9	0.0210772833723653	vacuole	sucB,csiD,fadB,fadJ,ygaF,ydcW,gabD,gabT,oat
GO:0042773	ATP synthesis coupled electron transport	5/427	5/4273	9.75629424739813e-06	0.000207751677503419	0.000175190423018295	SL1344_2292/SL1344_2287/SL1344_2286/SL1344_2285/SL1344_2288	5	0.0117096018735363	vacuole	nuoG,nuoL,nuoM,nuoN,nuoK
Colgan_2016_barA_sirA_dn	Genes down-regulated in barA-sirA mutant	25/427	101/4273	1.16361988609064e-05	0.000234016888202674	0.000197339045009524	SL1344_1204/SL1344_1265/SL1344_1326/SL1344_1181/SL1344_1325/SL1344_2227/SL1344_1184/SL1344_2225/SL1344_3106/SL1344_1531/SL1344_1530A/SL1344_1340/SL1344_3107/SL1344_1330/SL1344_1341/SL1344_1799/SL1344_1783/SL1344_1332/SL1344_1343/SL1344_1342/SL1344_1333/SL1344_1334/SL1344_2547/SL1344_1027/SL1344_1797	25	0.0585480093676815	vacuole	aroQ,STM1330,spiR,envE,ssrB,napH,pagC,napC,STM3132,ugtL,STM1600,ssaG,STM3133,ssaE,ssaH,pagK,STM1854,sseBa,ssaJ,ssaI,sscA,sseC,STM2585,pipB,pagM
GO:0008137	NADH dehydrogenase (ubiquinone) activity	7/427	11/4273	2.19217012643548e-05	0.000417666097773497	0.000352204618651684	SL1344_2292/SL1344_2293/SL1344_2295/SL1344_2287/SL1344_2286/SL1344_2285/SL1344_2289	7	0.0163934426229508	vacuole	nuoG,nuoF,nuoC,nuoL,nuoM,nuoN,nuoJ
Colgan_2016_ompR_envZ_dn	Genes down-regulated in ompR-envZ mutant	35/427	174/4273	3.14711850039607e-05	0.000569628448571689	0.000480349665849927	SL1344_1059/SL1344_3205/SL1344_3730/SL1344_1753/SL1344_4223/SL1344_1278/SL1344_1567/SL1344_0717/SL1344_0410/SL1344_3423/SL1344_0836/SL1344_1182/SL1344_0839/SL1344_2299/SL1344_1611/SL1344_ncRNA_195/SL1344_0716/SL1344_3523/SL1344_4029/SL1344_1033/SL1344_1760/SL1344_0303/SL1344_4341/SL1344_2837/SL1344_1469/SL1344_ncRNA_273/SL1344_0696/SL1344_ncRNA_8/SL1344_1782/SL1344_ncRNA_157/SL1344_ncRNA_87/SL1344_ncRNA_152/SL1344_1873/SL1344_ncRNA_11/SL1344_0462	35	0.0819672131147541	vacuole	ymdF,yqjG,yicL,pabB,lpxO,ydiV,STM1637,sdhB,ribD,yheV,STM0860,cspH,dacC,lrhA,ycjG,OmrB,sdhA,ugpB,STM4080,pipD,STM1831,sciZ,msrA,hypD,STM1540,STnc440,STM0715,STnc3090,pphA,STnc3750,STnc1480,IsrH_1_2,STM1940,STnc470,rpmE2
Smith_2016_hilD_up	Genes up-regulated in hilD mutant	25/427	109/4273	4.72191789583431e-05	0.000813968703948581	0.000686394080096216	SL1344_4025/SL1344_1554/SL1344_4026/SL1344_3523/SL1344_4029/SL1344_4027/SL1344_0653/SL1344_4118/SL1344_4469/SL1344_4028/SL1344_0652/SL1344_4470/SL1344_0651/SL1344_1460/SL1344_3935/SL1344_4211/SL1344_4021/SL1344_3308/SL1344_4119/SL1344_3520/SLP1_0068/SL1344_2725/SL1344_1352/SL1344_4210/SL1344_3191	25	0.0585480093676815	vacuole	ydeZ,STM1624,yneA,ugpB,STM4080,yneB,gltJ,aceB,STM4538,yneC,gltK,STM4539,gltL,hypA,fadA,acs,ydeV,nanK,aceA,ugpC,spvB,STM2741,ssaQ,yjcH,oat
GO:0042126	nitrate metabolic process	4/427	4/4273	9.84624589648763e-05	0.00162015500660387	0.00136622550716814	SL1344_1508/SL1344_1691/SL1344_1692/SL1344_1509	4	0.00936768149882904	vacuole	narZ,narH,narG,narY
GO:0017004	cytochrome complex assembly	8/427	18/4273	0.000165166208385055	0.00259957249719087	0.00219213731952705	SL1344_2223B/SL1344_2224/SL1344_3781/SL1344_2223C/SL1344_3780/SL1344_3784/SL1344_2223A/SL1344_2223F	8	0.0187353629976581	vacuole	ccmF2,ccmA2,ccmF1,ccmE2,ccmG1,ccmB1,ccmG2,ccmB2
path:sey00910	Nitrogen metabolism	9/427	23/4273	0.000207951776040844	0.00313660595528274	0.00264500066016864	SLP1_0061/SL1344_1508/SL1344_1507/SL1344_1691/SL1344_1692/SL1344_1693/SL1344_1509/SL1344_2226/SL1344_4396	9	0.0210772833723653	vacuole	PSLT046,narZ,narU,narH,narG,narK,narY,napB,STM4466
D23_ESP	D23580 genes up-regulated in early stationary phase	26/427	128/4273	0.000283748530655422	0.00410867872389051	0.00346471890063463	SL1344_0882/SL1344_0722/SL1344_0723/SL1344_1554/SL1344_4026/SL1344_2000/SL1344_2003/SL1344_2002/SL1344_2004/SL1344_ncRNA_142/SL1344_2006/SL1344_4027/SL1344_1691/SL1344_2227/SL1344_2005/SL1344_1724/SL1344_2224/SL1344_1693/SL1344_2001/SL1344_0768/SL1344_2225/SL1344_0767/SL1344_1316/SL1344_2226/SL1344_1315/SL1344_ncRNA_115	26	0.0608899297423888	vacuole	cspD,cydA,cydB,STM1624,yneA,cbiL,cbiH,cbiJ,cbiG,CyaR,cbiT,yneB,narH,napH,cbiF,treA,ccmA2,narK,cbiK,hutH,napC,hutU,orf408,napB,orf245,STnc2040
path:sey03070	Bacterial secretion system	12/427	40/4273	0.000350075479200069	0.00487412782578557	0.00411019793392793	SLP2_0090/SL1344_0620/SL1344_1340/SL1344_1353/SL1344_1328/SL1344_1354/SL1344_1343/SL1344_1355/SL1344_1349/SL1344_1348/SL1344_1352/SL1344_1356	12	0.0281030444964871	vacuole	pilQ,tatE,ssaG,ssaR,ssaC,ssaS,ssaJ,ssaT,ssaN,ssaV,ssaQ,ssaU
GO:0015986	ATP synthesis coupled proton transport	5/427	8/4273	0.000422393778431931	0.00565827367779978	0.00477144334562936	SL1344_3838/SL1344_3835/SL1344_3834/SL1344_3833/SL1344_3832	5	0.0117096018735363	vacuole	atpB,atpH,atpA,atpG,atpD
GO:0055114	oxidation-reduction process	45/427	275/4273	0.000451813455017041	0.00565827367779978	0.00477144334562936	SL1344_2435/SL1344_1581/SL1344_0723/SL1344_1497/SL1344_3139/SL1344_2292/SL1344_3192/SL1344_4279/SL1344_0717/SL1344_0410/SL1344_2294/SL1344_2000/SL1344_2293/SL1344_2295/SL1344_2002/SL1344_1508/SL1344_0716/SL1344_0718/SL1344_4310/SL1344_3936/SL1344_1691/SL1344_1692/SL1344_2005/SL1344_3984/SL1344_2357/SL1344_3221/SL1344_2287/SL1344_2290/SL1344_4341/SL1344_2286/SL1344_2285/SL1344_1509/SL1344_2289/SL1344_2291/SL1344_1363/SL1344_2774/SL1344_0983/SL1344_1467/SL1344_4242/SL1344_1528/SL1344_2288/SL1344_1468/SL1344_2775/SL1344_3645/SL1344_1471	45	0.105386416861827	vacuole	maeB,nifJ,cydB,adhP,dkgA,nuoG,fadH,frdB,sdhB,ribD,nuoE,cbiL,nuoF,nuoC,cbiJ,narZ,sdhA,sucA,aidB,fadB,narH,narG,cbiF,fdoG,fadJ,garRb,nuoL,nuoI,msrA,nuoM,nuoN,narY,nuoJ,nuoH,sodB,ygaF,sodCa,hyaB2,STM4305,ydcW,nuoK,hyaA2,gabD,aldB,STM1542
GO:0046933	proton-transporting ATP synthase activity, rotational mechanism	4/427	5/4273	0.000453287117834789	0.00565827367779978	0.00477144334562936	SL1344_3835/SL1344_3834/SL1344_3833/SL1344_3832	4	0.00936768149882904	vacuole	atpH,atpA,atpG,atpD
ST474_LEP	474 genes up-regulated in late exponential phase	13/427	47/4273	0.000483556215380044	0.00583491166558587	0.00492039657755133	SL1344_0719/SL1344_0717/SL1344_0720/SL1344_0716/SL1344_0718/SL1344_3936/SL1344_0652/SL1344_0651/SL1344_3935/SL1344_4211/SL1344_0768/SL1344_4209/SL1344_4210	13	0.0304449648711944	vacuole	sucB,sdhB,sucC,sdhA,sucA,fadB,gltK,gltL,fadA,acs,hutH,actP,yjcH
path:sey01200	Carbon metabolism	23/427	112/4273	0.000537893269575917	0.00628120527698329	0.00529674187358289	SL1344_2435/SL1344_1581/SL1344_1644/SL1344_2437/SL1344_1708/SL1344_0719/SL1344_4279/SL1344_0717/SL1344_0720/SL1344_2310/SL1344_2436/SL1344_0716/SL1344_0718/SL1344_3936/SL1344_4029/SL1344_4118/SL1344_3984/SL1344_2357/SL1344_4211/SL1344_3982/SL1344_4119/SL1344_3983/SL1344_4396	23	0.053864168618267	vacuole	maeB,nifJ,acnA,tktB,prs,sucB,frdB,sdhB,sucC,STM2341,tal,sdhA,sucA,fadB,STM4080,aceB,fdoG,fadJ,acs,fdoI,aceA,fdoH,STM4466
D23_NO	D23580 genes up-regulated upon nitric oxide shock	26/427	136/4273	0.000759701630743477	0.0083588087362633	0.00704871920185041	SL1344_1732/SL1344_1508/SL1344_1507/SL1344_0004/SL1344_1630/SLP1_0066/SLP1_0070/SL1344_0003/SL1344_2115/SL1344_1509/SLP1_0068/SLP1_0069/SL1344_2763/SL1344_2256/SL1344_ncRNA_152/SL1344_0909/SL1344_1928/SL1344_2114/SL1344_1629/SLP1_0067/SL1344_1628/SL1344_1561/SL1344_1161/SL1344_ncRNA_85/SL1344_ncRNA_11/SL1344_3191	26	0.0608899297423888	vacuole	ycgB,narZ,narU,thrC,ycjE,spvR,spvD,thrB,STM2139,narY,spvB,spvC,pipB2,sseL,IsrH_1_2,sopD2,SL1344_1928,srcA,STM1698A,spvA,steC,sseJ,sifA,STnc3440,STnc470,oat
path:sey00650	Butanoate metabolism	10/427	32/4273	0.000761990851648311	0.0083588087362633	0.00704871920185041	SL1344_1581/SL1344_0910/SL1344_4279/SL1344_0717/SL1344_0716/SL1344_3936/SL1344_4063/SL1344_2357/SL1344_2775/SL1344_2776	10	0.0234192037470726	vacuole	nifJ,pflB,frdB,sdhB,sdhA,fadB,pflD,fadJ,gabD,gabT
GO:0016651	oxidoreductase activity, acting on NAD(P)H	5/427	9/4273	0.000872645495116363	0.00929110791859186	0.00783489763417168	SL1344_2292/SL1344_2293/SL1344_2295/SL1344_2290/SL1344_2288	5	0.0117096018735363	vacuole	nuoG,nuoF,nuoC,nuoI,nuoK
GO:0009325	nitrate reductase complex	4/427	6/4273	0.00125243239276146	0.0129537293194185	0.0109234704932579	SL1344_1508/SL1344_1691/SL1344_1692/SL1344_1509	4	0.00936768149882904	vacuole	narZ,narH,narG,narY
GO:0009405	pathogenesis	7/427	19/4273	0.00164098103670063	0.0163042314164314	0.0137488430089127	SLP1_0070/SLP1_0068/SL1344_1340/SL1344_1330/SL1344_0909/SL1344_1334/SL1344_1346	7	0.0163934426229508	vacuole	spvD,spvB,ssaG,ssaE,sopD2,sseC,ssaL
ST474_NoO2S	474 genes up-regulated upon anaerobic shock	45/427	292/4273	0.00166645459228718	0.0163042314164314	0.0137488430089127	SL1344_3122/SL1344_4166/SL1344_3311/SL1344_4061/SL1344_1194/SL1344_4168/SL1344_4279/SL1344_2834/SL1344_3123/SL1344_2000/SL1344_2003/SL1344_2310/SL1344_2002/SL1344_2004/SL1344_2006/SL1344_1691/SL1344_1692/SL1344_2227/SL1344_3737/SL1344_2005/SL1344_2838/SL1344_4469/SL1344_4062/SL1344_2224/SL1344_3221/SL1344_2836/SL1344_3307/SL1344_3733/SL1344_2223C/SL1344_1693/SL1344_0904/SL1344_3310/SL1344_2001/SL1344_3308/SL1344_2957/SL1344_2837/SL1344_2225/SL1344_2835/SL1344_4242/SL1344_3309/SL1344_2226/SL1344_ncRNA_115/SL1344_4397/SL1344_4395/SL1344_4396	45	0.105386416861827	vacuole	hybB,malE,nanA,frwC,STM1258,lamB,frdB,STM2854,hybA,cbiL,cbiH,STM2341,cbiJ,cbiG,cbiT,narH,narG,napH,STM3772,cbiF,hypE,STM4538,frwB,ccmA2,garRb,hypC,yhcH,STM3768,ccmE2,narK,dmsC,nanT,cbiK,nanK,fucK,hypD,napC,hypB,STM4305,nanE,napB,STnc2040,STM4467,STM4465,STM4466
Colgan_2016_fur_up	Genes up-regulated in fur mutant	29/427	168/4273	0.00208249495716018	0.0198385045918944	0.0167291838663837	SL1344_1059/SL1344_1780/SL1344_1811/SL1344_1243/SL1344_2437/SL1344_1489/SL1344_2773/SL1344_4225/SL1344_2436/SL1344_ncRNA_195/SL1344_1507/SL1344_3523/SL1344_4120/SL1344_2147/SL1344_3935/SL1344_4119/SL1344_3106/SL1344_2774/SL1344_1793/SL1344_3107/SL1344_2549/SL1344_3645/SL1344_2776/SL1344_1347/SL1344_1797/SL1344_ncRNA_85/SL1344_1532/SL1344_4210/SL1344_3191	29	0.0679156908665105	vacuole	ymdF,STM1851,STM1877,STM1308,tktB,STM1559,csiD,phnB,tal,OmrB,narU,ugpB,aceK,yohC,fadA,aceA,STM3132,ygaF,pagO,STM3133,STM2585A,aldB,gabT,ssaM,pagM,STnc3440,sifB,yjcH,oat
Colgan_2016_hfq_dn	Genes down-regulated in hfq mutant	31/427	184/4273	0.00220177685721707	0.0200166916311594	0.0168794433644554	SL1344_1204/SL1344_1265/SL1344_1326/SL1344_1325/SL1344_1874/SL1344_1693/SL1344_1184/SL1344_3106/SL1344_ncRNA_273/SL1344_1531/SL1344_2763/SL1344_ncRNA_87/SL1344_4255/SL1344_1530A/SL1344_1340/SL1344_3107/SL1344_1330/SL1344_1341/SL1344_ncRNA_115/SL1344_1799/SL1344_1783/SL1344_1477/SL1344_1332/SL1344_1343/SL1344_1342/SL1344_1333/SL1344_1334/SL1344_2547/SL1344_1027/SL1344_1797/SL1344_ncRNA_11	31	0.0725995316159251	vacuole	aroQ,STM1330,spiR,ssrB,STM1941,narK,pagC,STM3132,STnc440,ugtL,pipB2,STnc1480,phoN,STM1600,ssaG,STM3133,ssaE,ssaH,STnc2040,pagK,STM1854,STM1548,sseBa,ssaJ,ssaI,sscA,sseC,STM2585,pipB,pagM,STnc470
Colgan_2016_fliZ_dn	Genes down-regulated in fliZ mutant	20/427	102/4273	0.00221178913051485	0.0200166916311594	0.0168794433644554	SL1344_0758/SL1344_0759/SL1344_1326/SL1344_1325/SL1344_2227/SL1344_4028/SL1344_1184/SL1344_2225/SL1344_1531/SL1344_1530A/SL1344_2226/SL1344_1340/SL1344_1330/SL1344_1341/SL1344_1332/SL1344_1343/SL1344_1342/SL1344_1333/SL1344_1334/SL1344_1027	20	0.0468384074941452	vacuole	modA,modB,spiR,ssrB,napH,yneC,pagC,napC,ugtL,STM1600,napB,ssaG,ssaE,ssaH,sseBa,ssaJ,ssaI,sscA,sseC,pipB
Colgan_2016_hilD_ESP_up	Genes up-regulated in hilD mutant in early stationary phase	10/427	37/4273	0.0026055755941658	0.0226652392207634	0.0191128798314085	SL1344_2773/SL1344_3936/SL1344_3935/SL1344_4211/SL1344_2774/SL1344_2777/SL1344_4209/SL1344_2775/SL1344_2776/SL1344_4210	10	0.0234192037470726	vacuole	csiD,fadB,fadA,acs,ygaF,gabP,actP,gabD,gabT,yjcH
GO:0008940	nitrate reductase activity	4/427	7/4273	0.00269227979694151	0.0226652392207634	0.0191128798314085	SL1344_1508/SL1344_1691/SL1344_1692/SL1344_1509	4	0.00936768149882904	vacuole	narZ,narH,narG,narY
GO:0015232	heme transporter activity	4/427	7/4273	0.00269227979694151	0.0226652392207634	0.0191128798314085	SL1344_2223B/SL1344_3781/SL1344_3784/SL1344_2223F	4	0.00936768149882904	vacuole	ccmF2,ccmF1,ccmB1,ccmB2
GO:0006099	tricarboxylic acid cycle	6/427	16/4273	0.00321684767413691	0.0264658831372173	0.0223178427153039	SL1344_0719/SL1344_4279/SL1344_0717/SL1344_0720/SL1344_0716/SL1344_0718	6	0.0140515222482436	vacuole	sucB,frdB,sdhB,sucC,sdhA,sucA
GO:0045261	proton-transporting ATP synthase complex, catalytic core F(1)	3/427	4/4273	0.00367097771536973	0.0295309762880854	0.0249025388878882	SL1344_3834/SL1344_3833/SL1344_3832	3	0.00702576112412178	vacuole	atpA,atpG,atpD
path:sey00020	Citrate cycle (TCA cycle)	8/427	28/4273	0.00477910361043148	0.0376094675429607	0.0317148752179663	SL1344_1581/SL1344_1644/SL1344_0719/SL1344_4279/SL1344_0717/SL1344_0720/SL1344_0716/SL1344_0718	8	0.0187353629976581	vacuole	nifJ,acnA,sucB,frdB,sdhB,sucC,sdhA,sucA
ST474_Low_Fe	474 genes up-regulated upon low Fe shock	39/187	54/4273	8.64699208412116e-43	2.15310102894617e-40	1.66568373830966e-40	SL1344_ncRNA_232/SL1344_4483/SL1344_2844/SL1344_ncRNA_183/SL1344_2791/SL1344_1308/SL1344_2759/SL1344_0586/SL1344_2762/SL1344_0587/SL1344_1305/SL1344_2793/SL1344_2842/SL1344_2758/SL1344_1802/SL1344_2760/SL1344_3132/SL1344_2792/SL1344_1304/SL1344_1307/SL1344_1517/SL1344_0579/SL1344_2843/SL1344_ncRNA_227/SL1344_0359/SL1344_0576/SL1344_0585/SL1344_2761/SL1344_0575/SL1344_1306/SL1344_2841/SL1344_0578/SL1344_2790/SL1344_1280/SL1344_0584/SL1344_2176/SL1344_0574/SL1344_0573/SL1344_0358	39	0.20855614973262	cytosol	RyhB-1,yjjZ,sitD,STnc3080,nrdI,ynhA,iroC,entA,iroN,ybdB,sufC,nrdF,sitB,iroB,STM1868A,iroD,exbD,nrdE,sufB,sufS,STM1586,fepG,sitC,STnc4000,foxA,entF,entB,iroE,ybdZ,sufD,sitA,fepC,nrdH,ydiE,entE,cirA,fes,fepA,STM0363
D23_Low_Fe	D23580 genes up-regulated upon low Fe shock	40/187	101/4273	1.6127619437139e-29	2.0078886199238e-27	1.55334439841917e-27	SL1344_ncRNA_232/SL1344_ncRNA_86/SL1344_4483/SL1344_ncRNA_183/SL1344_2791/SL1344_ncRNA_1/SL1344_2759/SL1344_0586/SL1344_2762/SL1344_4370/SL1344_0587/SL1344_1305/SL1344_2793/SL1344_2758/SL1344_2760/SL1344_2792/SL1344_1304/SL1344_1307/SL1344_1517/SL1344_0579/SL1344_ncRNA_227/SL1344_0359/SL1344_0576/SL1344_0585/SL1344_4463/SL1344_2761/SL1344_0575/SL1344_1306/SL1344_0578/SL1344_3692/SL1344_2790/SL1344_ncRNA_20/SL1344_0584/SL1344_2176/SL1344_0574/SL1344_0580/SL1344_0573/SL1344_0358/SL1344_ncRNA_268/SL1344_2654	40	0.213903743315508	cytosol	RyhB-1,RyhB-2,yjjZ,STnc3080,nrdI,tpke11,iroC,entA,iroN,STM4440,ybdB,sufC,nrdF,iroB,iroD,nrdE,sufB,sufS,STM1586,fepG,STnc4000,foxA,entF,entB,cstAb,iroE,ybdZ,sufD,fepC,mutM,nrdH,STnc3250,entE,cirA,fes,fepD,fepA,STM0363,STnc880,grpE
Colgan_2016_fur_up	Genes up-regulated in fur mutant	44/187	168/4273	7.57923479169456e-24	6.10893638322573e-22	4.72600024574216e-22	SL1344_ncRNA_232/SL1344_ncRNA_86/SL1344_ncRNA_94/SL1344_2376/SL1344_4483/SL1344_2844/SL1344_ncRNA_183/SL1344_1308/SL1344_2759/SL1344_1006/SL1344_0586/SL1344_2762/SL1344_0587/SL1344_1305/SL1344_2793/SL1344_2842/SL1344_2758/SL1344_1802/SL1344_2760/SL1344_3132/SL1344_1303/SL1344_1304/SL1344_1307/SL1344_1517/SL1344_2843/SL1344_ncRNA_227/SL1344_0576/SL1344_0585/SL1344_2761/SL1344_0575/SL1344_1306/SL1344_2841/SL1344_1495/SL1344_2790/SL1344_ncRNA_20/SL1344_1280/SL1344_0584/SL1344_2176/SL1344_0574/SL1344_0580/SL1344_3474/SL1344_0573/SL1344_0358/SL1344_0582	44	0.235294117647059	cytosol	RyhB-1,RyhB-2,RprA,mntH,yjjZ,sitD,STnc3080,ynhA,iroC,rmf,entA,iroN,ybdB,sufC,nrdF,sitB,iroB,STM1868A,iroD,exbD,sufA,sufB,sufS,STM1586,sitC,STnc4000,entF,entB,iroE,ybdZ,sufD,sitA,rpsV,nrdH,STnc3250,ydiE,entE,cirA,fes,fepD,yhgG,fepA,STM0363,fepB
Iron	Curated list of iron transporters and siderophores	26/187	48/4273	9.81355242285257e-24	6.10893638322573e-22	4.72600024574216e-22	SL1344_0504/SL1344_2376/SL1344_0505/SL1344_2844/SL1344_0503/SL1344_2759/SL1344_0586/SL1344_2762/SL1344_2842/SL1344_2758/SL1344_2760/SL1344_0579/SL1344_2843/SL1344_0359/SL1344_0576/SL1344_0585/SL1344_2761/SL1344_2841/SL1344_0578/SL1344_0584/SL1344_2176/SL1344_0574/SL1344_0580/SL1344_3474/SL1344_0573/SL1344_0582	26	0.13903743315508	cytosol	sfbB,mntH,sfbC,sitD,sfbA,iroC,entA,iroN,sitB,iroB,iroD,fepG,sitC,foxA,entF,entB,iroE,sitA,fepC,entE,cirA,fes,fepD,yhgG,fepA,fepB
SPI1_eff	SPI-1 genes and effectors	20/187	53/4273	1.38918424423027e-14	6.91813753626673e-13	5.35201508829766e-13	SL1344_2863/SL1344_2850/SL1344_2868/SL1344_2924/SL1344_1030/SL1344_2844/SL1344_2864/SL1344_2852/SL1344_2851/SL1344_2874/SL1344_2859/SL1344_2842/SL1344_2867/SL1344_2853/SL1344_2860/SL1344_2877/SL1344_2854/SL1344_1177/SL1344_2843/SL1344_2841	20	0.106951871657754	cytosol	sipC,orgA,spaQ,sopD,sopB,sitD,sipB,prgJ,prgK,invB,sicP,sitB,spaR,prgI,iacP,invG,prgH,sopF,sitC,sitA
Colgan_2016_hfq_dn	Genes down-regulated in hfq mutant	34/187	184/4273	1.68672071420446e-13	6.99989096394851e-12	5.41526124034064e-12	SL1344_ncRNA_9/SL1344_ncRNA_127/SL1344_ncRNA_232/SL1344_2863/SL1344_ncRNA_94/SL1344_2850/SL1344_2868/SL1344_ncRNA_253/SL1344_2924/SL1344_ncRNA_270/SL1344_1030/SL1344_2864/SL1344_ncRNA_230/SL1344_4273/SL1344_ncRNA_262/SL1344_2852/SL1344_2851/SL1344_2874/SL1344_2859/SL1344_2867/SL1344_2853/SL1344_2860/SL1344_2877/SL1344_ncRNA_103/SL1344_ncRNA_189/SL1344_2854/SL1344_ncRNA_2/SL1344_ncRNA_92/SL1344_1177/SL1344_2266/SL1344_ncRNA_221/SL1344_4230/SL1344_2057/SL1344_2267	34	0.181818181818182	cytosol	DapZ,DsrA,RyhB-1,sipC,RprA,orgA,spaQ,Spf,sopD,STnc630,sopB,sipB,STnc760,ecnB,OxyS,prgJ,prgK,invB,sicP,spaR,prgI,iacP,invG,STnc3530,InvR,prgH,STnc890,STnc4210,sopF,yfbE,ArcZ,yjdB,udg,pmrF
Colgan_2016_hilC_dn	Genes down-regulated in hilC mutant	19/187	61/4273	3.63931398823233e-12	1.29455597581407e-10	1.00149542834063e-10	SL1344_ncRNA_9/SL1344_2863/SL1344_2850/SL1344_2868/SL1344_2924/SL1344_1030/SL1344_2864/SL1344_2852/SL1344_2851/SL1344_2874/SL1344_2859/SL1344_2867/SL1344_2853/SL1344_2860/SL1344_2877/SL1344_ncRNA_189/SL1344_2854/SL1344_ncRNA_92/SL1344_ncRNA_226	19	0.101604278074866	cytosol	DapZ,sipC,orgA,spaQ,sopD,sopB,sipB,prgJ,prgK,invB,sicP,spaR,prgI,iacP,invG,InvR,prgH,STnc4210,STnc1670
Colgan_2016_hilD_IEP_dn	Genes down-regulated in hilD mutant mid-exponential phase	20/187	71/4273	7.76187728961129e-12	2.41588430639151e-10	1.86897834736693e-10	SL1344_ncRNA_9/SL1344_2863/SL1344_ncRNA_79/SL1344_2850/SL1344_2868/SL1344_2924/SL1344_1030/SL1344_2864/SL1344_2852/SL1344_2851/SL1344_2874/SL1344_2859/SL1344_2867/SL1344_2853/SL1344_2860/SL1344_2877/SL1344_ncRNA_189/SL1344_2854/SL1344_ncRNA_92/SL1344_ncRNA_226	20	0.106951871657754	cytosol	DapZ,sipC,STnc520,orgA,spaQ,sopD,sopB,sipB,prgJ,prgK,invB,sicP,spaR,prgI,iacP,invG,InvR,prgH,STnc4210,STnc1670
Colgan_2016_hilA_dn	Genes down-regulated in hilA mutant	15/187	41/4273	5.5329408581765e-11	1.5307803040955e-09	1.1842434819255e-09	SL1344_2863/SL1344_2850/SL1344_2868/SL1344_2924/SL1344_1030/SL1344_2864/SL1344_2852/SL1344_2851/SL1344_2874/SL1344_2859/SL1344_2867/SL1344_2853/SL1344_2860/SL1344_2877/SL1344_2854	15	0.0802139037433155	cytosol	sipC,orgA,spaQ,sopD,sopB,sipB,prgJ,prgK,invB,sicP,spaR,prgI,iacP,invG,prgH
Colgan_2016_barA_sirA_dn	Genes down-regulated in barA-sirA mutant	21/187	101/4273	1.15496278228912e-09	2.87585732789991e-08	2.22482304377799e-08	SL1344_ncRNA_9/SL1344_2863/SL1344_ncRNA_79/SL1344_2850/SL1344_2868/SL1344_2924/SL1344_1030/SL1344_2864/SL1344_2852/SL1344_2851/SL1344_2874/SL1344_2859/SL1344_2867/SL1344_2853/SL1344_2860/SL1344_2877/SL1344_ncRNA_189/SL1344_2854/SL1344_ncRNA_92/SL1344_1177/SL1344_ncRNA_191	21	0.112299465240642	cytosol	DapZ,sipC,STnc520,orgA,spaQ,sopD,sopB,sipB,prgJ,prgK,invB,sicP,spaR,prgI,iacP,invG,InvR,prgH,STnc4210,sopF,CsrB
D23_ESP	D23580 genes up-regulated in early stationary phase	23/187	128/4273	3.68267737339435e-09	8.3362424179563e-08	6.44909051991546e-08	SL1344_ncRNA_9/SL1344_2863/SL1344_2850/SL1344_2868/SL1344_2924/SL1344_1030/SL1344_2864/SL1344_2852/SL1344_2851/SL1344_2874/SL1344_2859/SL1344_2867/SL1344_2853/SL1344_2860/SL1344_2877/SL1344_ncRNA_189/SL1344_2854/SL1344_ncRNA_92/SL1344_1177/SL1344_3753/SL1344_3031/SL1344_0936/SL1344_3030	23	0.122994652406417	cytosol	DapZ,sipC,orgA,spaQ,sopD,sopB,sipB,prgJ,prgK,invB,sicP,spaR,prgI,iacP,invG,InvR,prgH,STnc4210,sopF,uhpT,gcvT,ompF,gcvH
ST474_ESP	474 genes up-regulated in early stationary phase	18/187	83/4273	9.45406060570294e-09	1.96171757568336e-07	1.51762551828389e-07	SL1344_ncRNA_9/SL1344_2863/SL1344_ncRNA_79/SL1344_2868/SL1344_2924/SL1344_1030/SL1344_2864/SL1344_2852/SL1344_2851/SL1344_2874/SL1344_2859/SL1344_2867/SL1344_2853/SL1344_2860/SL1344_2877/SL1344_ncRNA_189/SL1344_2854/SL1344_ncRNA_92	18	0.0962566844919786	cytosol	DapZ,sipC,STnc520,spaQ,sopD,sopB,sipB,prgJ,prgK,invB,sicP,spaR,prgI,iacP,invG,InvR,prgH,STnc4210
Colgan_2016_hilD_ESP_dn	Genes down-regulated in hilD mutant in early stationary phase	20/187	109/4273	2.87265237500632e-08	5.27406294622694e-07	4.08012479035946e-07	SL1344_ncRNA_9/SL1344_2863/SL1344_ncRNA_79/SL1344_2850/SL1344_2868/SL1344_2924/SL1344_1030/SL1344_2864/SL1344_2852/SL1344_2851/SL1344_2874/SL1344_2859/SL1344_2867/SL1344_2853/SL1344_2860/SL1344_2877/SL1344_ncRNA_189/SL1344_2854/SL1344_ncRNA_92/SL1344_1177	20	0.106951871657754	cytosol	DapZ,sipC,STnc520,orgA,spaQ,sopD,sopB,sipB,prgJ,prgK,invB,sicP,spaR,prgI,iacP,invG,InvR,prgH,STnc4210,sopF
Smith_2016_hilA_dn	Genes down-regulated in hilA mutant	16/187	70/4273	2.96533659627217e-08	5.27406294622694e-07	4.08012479035946e-07	SL1344_2863/SL1344_2850/SL1344_2868/SL1344_2924/SL1344_1030/SL1344_2864/SL1344_2852/SL1344_2851/SL1344_2874/SL1344_2859/SL1344_2867/SL1344_2853/SL1344_2860/SL1344_2877/SL1344_2854/SL1344_1177	16	0.0855614973262032	cytosol	sipC,orgA,spaQ,sopD,sopB,sipB,prgJ,prgK,invB,sicP,spaR,prgI,iacP,invG,prgH,sopF
Colgan_2016_slyA_up	Genes up-regulated in slyA mutant	23/187	151/4273	9.56841812711475e-08	1.58835740910105e-06	1.22878632790316e-06	SL1344_ncRNA_9/SL1344_ncRNA_127/SL1344_ncRNA_86/SL1344_2863/SL1344_2868/SL1344_1030/SL1344_2864/SL1344_2852/SL1344_2851/SL1344_2874/SL1344_2859/SL1344_2795/SL1344_2867/SL1344_ncRNA_113/SL1344_2853/SL1344_2860/SL1344_2877/SL1344_ncRNA_189/SL1344_2854/SL1344_ncRNA_191/SL1344_2794/SL1344_0486/SL1344_ncRNA_268	23	0.122994652406417	cytosol	DapZ,DsrA,RyhB-2,sipC,spaQ,sopB,sipB,prgJ,prgK,invB,sicP,proW,spaR,STnc3580,prgI,iacP,invG,InvR,prgH,CsrB,proV,fsr,STnc880
Colgan_2016_fliZ_dn	Genes down-regulated in fliZ mutant	18/187	102/4273	2.75180840581867e-07	4.28250183155531e-06	3.31303248858432e-06	SL1344_ncRNA_9/SL1344_2863/SL1344_ncRNA_79/SL1344_2850/SL1344_2868/SL1344_2924/SL1344_1030/SL1344_2864/SL1344_2852/SL1344_2851/SL1344_2874/SL1344_2867/SL1344_2853/SL1344_2860/SL1344_2877/SL1344_ncRNA_189/SL1344_2854/SL1344_1177	18	0.0962566844919786	cytosol	DapZ,sipC,STnc520,orgA,spaQ,sopD,sopB,sipB,prgJ,prgK,invB,spaR,prgI,iacP,invG,InvR,prgH,sopF
D23_Oxygen	D23580 genes up-regulated upon oxygen shock	15/187	80/4273	1.28012292243039e-06	1.79704734395522e-05	1.39023320204526e-05	SL1344_ncRNA_9/SL1344_ncRNA_79/SL1344_2850/SL1344_2868/SL1344_ncRNA_262/SL1344_2852/SL1344_2851/SL1344_2874/SL1344_2867/SL1344_2853/SL1344_2877/SL1344_ncRNA_189/SL1344_2854/SL1344_ncRNA_92/SL1344_ncRNA_44	15	0.0802139037433155	cytosol	DapZ,STnc520,orgA,spaQ,OxyS,prgJ,prgK,invB,spaR,prgI,invG,InvR,prgH,STnc4210,STnc070
ST474_Peroxide	474 genes up-regulated upon peroxide shock	14/187	70/4273	1.29907036912426e-06	1.79704734395522e-05	1.39023320204526e-05	SL1344_ncRNA_232/SL1344_ncRNA_270/SL1344_2376/SL1344_ncRNA_230/SL1344_ncRNA_262/SL1344_1305/SL1344_1303/SL1344_1304/SL1344_ncRNA_121/SL1344_ncRNA_241/SL1344_3869/SL1344_4055/SL1344_2841/SL1344_2407	14	0.0748663101604278	cytosol	RyhB-1,STnc630,mntH,STnc760,OxyS,sufC,sufA,sufB,SraC,STnc380,ilvC,metF,sitA,cysP
ST474_Oxygen	474 genes up-regulated upon oxygen shock	14/187	74/4273	2.62586227460841e-06	3.44126161251313e-05	2.66223155819025e-05	SL1344_2863/SL1344_ncRNA_79/SL1344_2850/SL1344_2868/SL1344_1030/SL1344_2864/SL1344_2852/SL1344_2851/SL1344_2874/SL1344_2867/SL1344_2853/SL1344_2860/SL1344_2877/SL1344_2854	14	0.0748663101604278	cytosol	sipC,STnc520,orgA,spaQ,sopB,sipB,prgJ,prgK,invB,spaR,prgI,iacP,invG,prgH
D23_Peroxide	D23580 genes up-regulated upon peroxide shock	16/187	102/4273	6.57256179658868e-06	8.1828394367529e-05	6.33041478303015e-05	SL1344_ncRNA_270/SL1344_2376/SL1344_ncRNA_230/SL1344_ncRNA_262/SL1344_1305/SL1344_2842/SL1344_1303/SL1344_1304/SL1344_2843/SL1344_ncRNA_241/SL1344_4055/SL1344_1306/SL1344_2841/SL1344_1280/SL1344_2407/SL1344_3919	16	0.0855614973262032	cytosol	STnc630,mntH,STnc760,OxyS,sufC,sitB,sufA,sufB,sitC,STnc380,metF,sufD,sitA,ydiE,cysP,metE
Smith_2016_rtsA_dn	Genes down-regulated in rtsA mutant	15/187	91/4273	6.9103164832484e-06	8.19366097299453e-05	6.33878654854365e-05	SL1344_2863/SL1344_2850/SL1344_2868/SL1344_0504/SL1344_1030/SL1344_2864/SL1344_2852/SL1344_2851/SL1344_2874/SL1344_2867/SL1344_2853/SL1344_2860/SL1344_2877/SL1344_2854/SL1344_1177	15	0.0802139037433155	cytosol	sipC,orgA,spaQ,sfbB,sopB,sipB,prgJ,prgK,invB,spaR,prgI,iacP,invG,prgH,sopF
path:sey01053	Biosynthesis of siderophore group nonribosomal peptides	5/187	8/4273	7.66010915622657e-06	8.66985081772916e-05	6.70717691669599e-05	SL1344_0586/SL1344_0587/SL1344_0576/SL1344_0585/SL1344_0584	5	0.0267379679144385	cytosol	entA,ybdB,entF,entB,entE
Colgan_2016_phoPQ_up	Genes up-regulated in phoPQ mutant	18/187	129/4273	9.41704001886386e-06	0.000101949694117265	7.88704038193175e-05	SL1344_2863/SL1344_ncRNA_79/SL1344_2868/SL1344_2924/SL1344_1030/SL1344_2864/SL1344_2852/SL1344_2851/SL1344_2874/SL1344_2859/SL1344_2867/SL1344_ncRNA_113/SL1344_2853/SL1344_2860/SL1344_2877/SL1344_ncRNA_189/SL1344_2854/SL1344_ncRNA_191	18	0.0962566844919786	cytosol	sipC,STnc520,spaQ,sopD,sopB,sipB,prgJ,prgK,invB,sicP,spaR,STnc3580,prgI,iacP,invG,InvR,prgH,CsrB
Colgan_2016_ssrB_up	Genes up-regulated in ssrB mutant	15/187	99/4273	1.99109699695427e-05	0.000206576313434005	0.000159811732650277	SL1344_ncRNA_9/SL1344_2863/SL1344_2868/SL1344_1030/SL1344_2864/SL1344_2852/SL1344_2851/SL1344_2874/SL1344_2859/SL1344_ncRNA_126/SL1344_ncRNA_113/SL1344_2853/SL1344_ncRNA_189/SL1344_2854/SL1344_ncRNA_191	15	0.0802139037433155	cytosol	DapZ,sipC,spaQ,sopB,sipB,prgJ,prgK,invB,sicP,STnc2180,STnc3580,prgI,InvR,prgH,CsrB
ST474_Bile	474 genes up-regulated upon bile acid shock	13/187	79/4273	2.95506482174626e-05	0.000294324456245927	0.000227695521001922	SL1344_0586/SL1344_4370/SL1344_0587/SL1344_3031/SL1344_0576/SL1344_0585/SL1344_4463/SL1344_0575/SL1344_0578/SL1344_0584/SL1344_2176/SL1344_0574/SL1344_0573	13	0.0695187165775401	cytosol	entA,STM4440,ybdB,gcvT,entF,entB,cstAb,ybdZ,fepC,entE,cirA,fes,fepA
Colgan_2016_rpoS_dn	Genes down-regulated in rpoS mutant	23/187	211/4273	3.51300026050872e-05	0.000336437332641027	0.000260274918086274	SL1344_ncRNA_232/SL1344_ncRNA_239/SL1344_ncRNA_86/SL1344_2376/SL1344_4483/SL1344_2844/SL1344_ncRNA_183/SL1344_4273/SL1344_2985/SL1344_2842/SL1344_ncRNA_92/SL1344_1177/SL1344_ncRNA_154/SL1344_1309/SL1344_2843/SL1344_2841/SL1344_3377/SL1344_1537/SL1344_1912/SL1344_2780/SL1344_0582/SL1344_1323/SL1344_3169	23	0.122994652406417	cytosol	RyhB-1,STnc710,RyhB-2,mntH,yjjZ,sitD,STnc3080,ecnB,ygdR,sitB,STnc4210,sopF,STnc1560,ynhG,sitC,sitA,mscL,STM1607,dsrB,yqaE,fepB,orf319,yqiC
Troxell_2011_fur_up	Genes up-regulated in fur mutant	23/187	221/4273	7.3396294878905e-05	0.000676876941661013	0.000523646080422597	SL1344_2759/SL1344_0586/SL1344_2762/SL1344_0587/SL1344_1305/SL1344_2842/SL1344_2758/SL1344_2760/SL1344_1307/SL1344_1517/SL1344_2843/SL1344_0614/SL1344_0585/SL1344_2761/SL1344_2841/SL1344_2945/SL1344_1280/SL1344_0584/SL1344_2176/SL1344_0574/SL1344_3474/SL1344_0573/SL1344_1682	23	0.122994652406417	cytosol	iroC,entA,iroN,ybdB,sufC,sitB,iroB,iroD,sufS,STM1586,sitC,citB,entB,iroE,sitA,yqcB,ydiE,entE,cirA,fes,yhgG,fepA,hns
GO:0009405	pathogenesis	6/187	19/4273	0.000109181740655787	0.000970937622260392	0.000751137539098084	SL1344_2863/SL1344_2850/SL1344_2924/SL1344_1030/SL1344_2864/SL1344_2853	6	0.0320855614973262	cytosol	sipC,orgA,sopD,sopB,sipB,prgI
Smith_2016_invF_dn	Genes down-regulated in invF mutant	7/187	29/4273	0.00018885591898818	0.00162155599407092	0.00125446944373274	SL1344_2863/SL1344_1030/SL1344_2864/SL1344_2859/SL1344_2860/SL1344_1177/SL1344_0013	7	0.0374331550802139	cytosol	sipC,sopB,sipB,sicP,iacP,sopF,dnaJ
Colgan_2016_dam_dn	Genes down-regulated in dam mutant	8/187	40/4273	0.000266667893842506	0.0022133435188928	0.00171228858151504	SL1344_ncRNA_172/SL1344_ncRNA_1/SL1344_3848/SL1344_ncRNA_2/SL1344_4463/SL1344_ncRNA_264/SL1344_2654/SL1344_0013	8	0.0427807486631016	cytosol	STnc1400,tpke11,rbsD,STnc890,cstAb,STnc1460,grpE,dnaJ
Colgan_2016_ssrA_up	Genes up-regulated in ssrA mutant	13/187	98/4273	0.000289129675154516	0.00232236416495079	0.00179662922082433	SL1344_2863/SL1344_2868/SL1344_1030/SL1344_2864/SL1344_2852/SL1344_2851/SL1344_2874/SL1344_2859/SL1344_ncRNA_126/SL1344_2853/SL1344_ncRNA_189/SL1344_2854/SL1344_ncRNA_191	13	0.0695187165775401	cytosol	sipC,spaQ,sopB,sipB,prgJ,prgK,invB,sicP,STnc2180,prgI,InvR,prgH,CsrB
GO:0006777	Mo-molybdopterin cofactor biosynthetic process	4/187	9/4273	0.000376546455004634	0.00293000210300481	0.00226671056795552	SL1344_0780/SL1344_0778/SL1344_0779/SL1344_0782	4	0.0213903743315508	cytosol	moaC,moaA,moaB,moaE
ST474_NO	474 genes up-regulated upon nitric oxide shock	13/187	101/4273	0.000391155545602898	0.00295144638954914	0.00228330031404562	SL1344_0505/SL1344_ncRNA_230/SL1344_0503/SL1344_1736/SL1344_3860A/SL1344_ncRNA_2/SL1344_ncRNA_121/SL1344_3869/SL1344_3574/SL1344_3844/SL1344_3861/SL1344_2057/SL1344_3762	13	0.0695187165775401	cytosol	sfbC,STnc760,sfbA,STM1808,ilvX,STnc890,SraC,ilvC,yhjE,asnA,ilvG,udg,ilvB
path:sey02010	ABC transporters	18/187	173/4273	0.000467871833751299	0.00342647313541393	0.00265079088472098	SL1344_0504/SL1344_0505/SL1344_2844/SL1344_0503/SL1344_2759/SL1344_3848/SL1344_2795/SL1344_2842/SL1344_3285/SL1344_0579/SL1344_2843/SL1344_2841/SL1344_0578/SL1344_2794/SL1344_2407/SL1344_0580/SL1344_2796/SL1344_0582	18	0.0962566844919786	cytosol	sfbB,sfbC,sitD,sfbA,iroC,rbsD,proW,sitB,yrbF,fepG,sitC,sitA,fepC,proV,cysP,fepD,proX,fepB
Colgan_2016_dam_up	Genes up-regulated in dam mutant	9/187	55/4273	0.000538261286884228	0.00382934458383351	0.00296246061653575	SL1344_ncRNA_94/SL1344_2864/SL1344_2852/SL1344_2851/SL1344_2874/SL1344_2853/SL1344_2877/SL1344_2854/SL1344_2780	9	0.0481283422459893	cytosol	RprA,sipB,prgJ,prgK,invB,prgI,invG,prgH,yqaE
path:sey05100	Bacterial invasion of epithelial cells	4/187	10/4273	0.000606196558536326	0.00419285952987626	0.00324368333953648	SL1344_2863/SL1344_2924/SL1344_1030/SL1344_2864	4	0.0213903743315508	cytosol	sipC,sopD,sopB,sipB
GO:0015344	siderophore uptake transmembrane transporter activity	3/187	5/4273	0.000772906664943567	0.00497126276859559	0.00384587227500737	SL1344_2762/SL1344_0359/SL1344_0573	3	0.0160427807486631	cytosol	iroN,foxA,fepA
GO:0038023	signaling receptor activity	3/187	5/4273	0.000772906664943567	0.00497126276859559	0.00384587227500737	SL1344_2762/SL1344_0359/SL1344_0573	3	0.0160427807486631	cytosol	iroN,foxA,fepA
Colgan_2016_rpoS_up	Genes up-regulated in rpoS mutant	7/187	36/4273	0.000778631517972802	0.00497126276859559	0.00384587227500737	SL1344_ncRNA_127/SL1344_ncRNA_270/SL1344_ncRNA_230/SL1344_ncRNA_126/SL1344_ncRNA_238/SL1344_ncRNA_121/SL1344_2266	7	0.0374331550802139	cytosol	DsrA,STnc630,STnc760,STnc2180,STnc1430,SraC,yfbE
D23_LEP	D23580 genes up-regulated in late exponential phase	8/187	47/4273	0.00083828719575098	0.00521833779354985	0.00403701465322183	SL1344_2868/SL1344_2852/SL1344_2851/SL1344_2874/SL1344_2867/SL1344_2853/SL1344_2877/SL1344_2854	8	0.0427807486631016	cytosol	spaQ,prgJ,prgK,invB,spaR,prgI,invG,prgH
GO:0015891	siderophore transport	3/187	6/4273	0.00149605982259442	0.00908582672746369	0.0070289845323435	SL1344_2762/SL1344_0359/SL1344_0573	3	0.0160427807486631	cytosol	iroN,foxA,fepA
D23_NaCl	D23580 genes up-regulated upon NaCl shock	14/187	132/4273	0.00167811492198837	0.00994882418035964	0.00769661731137524	SL1344_ncRNA_222/SL1344_2791/SL1344_2985/SL1344_2793/SL1344_2795/SL1344_2792/SL1344_2794/SL1344_1098/SL1344_1495/SL1344_2790/SL1344_ncRNA_250/SL1344_2796/SL1344_2654/SL1344_2780	14	0.0748663101604278	cytosol	STnc3060,nrdI,ygdR,nrdF,proW,nrdE,proV,bssS,rpsV,nrdH,STnc1860,proX,grpE,yqaE
Colgan_2016_fur_dn	Genes down-regulated in fur mutant	25/187	311/4273	0.00193198105672028	0.0111875182121709	0.00865489677796358	SL1344_ncRNA_9/SL1344_2863/SL1344_ncRNA_79/SL1344_2850/SL1344_2868/SL1344_2924/SL1344_1030/SL1344_2864/SL1344_2852/SL1344_2851/SL1344_2874/SL1344_2859/SL1344_ncRNA_126/SL1344_2867/SL1344_ncRNA_255/SL1344_2853/SL1344_2860/SL1344_2877/SL1344_ncRNA_189/SL1344_2854/SL1344_3285/SL1344_ncRNA_264/SL1344_0936/SL1344_3844/SL1344_3030	25	0.133689839572193	cytosol	DapZ,sipC,STnc520,orgA,spaQ,sopD,sopB,sipB,prgJ,prgK,invB,sicP,STnc2180,spaR,STnc800,prgI,iacP,invG,InvR,prgH,yrbF,STnc1460,ompF,asnA,gcvH
GO:0009082	branched-chain amino acid biosynthetic process	3/187	7/4273	0.0025340142435067	0.0143402169689356	0.0110938901091322	SL1344_3869/SL1344_3861/SL1344_3762	3	0.0160427807486631	cytosol	ilvC,ilvG,ilvB
GO:0042626	ATPase-coupled transmembrane transporter activity	4/187	17/4273	0.00539744143965334	0.0292165851842105	0.0226025579738344	SL1344_0504/SL1344_2844/SL1344_2759/SL1344_2843	4	0.0213903743315508	cytosol	sfbB,sitD,iroC,sitC
path:sey04122	Sulfur relay system	4/187	17/4273	0.00539744143965334	0.0292165851842105	0.0226025579738344	SL1344_0780/SL1344_0778/SL1344_0781/SL1344_0782	4	0.0213903743315508	cytosol	moaC,moaA,moaD,moaE
GO:0003984	acetolactate synthase activity	2/187	3/4273	0.00555118810155308	0.0294094858997174	0.0227517899794897	SL1344_3861/SL1344_3762	2	0.0106951871657754	cytosol	ilvG,ilvB
GO:0016226	iron-sulfur cluster assembly	3/187	9/4273	0.00569843798467386	0.0295606470454956	0.0228687313858622	SL1344_1308/SL1344_1304/SL1344_1306	3	0.0160427807486631	cytosol	ynhA,sufB,sufD
ST474_LSP	474 genes up-regulated in late stationary phase	9/187	78/4273	0.00648721210264696	0.0329656288481448	0.0255028961285584	SL1344_ncRNA_86/SL1344_2367/SL1344_ncRNA_94/SL1344_4483/SL1344_ncRNA_92/SL1344_ncRNA_221/SL1344_ncRNA_188/SL1344_2780/SL1344_0582	9	0.0481283422459893	cytosol	RyhB-2,pgtP,RprA,yjjZ,STnc4210,ArcZ,STnc1410,yqaE,fepB
Smith_2016_hilD_dn	Genes down-regulated in hilD mutant	16/187	187/4273	0.00714076343862537	0.0350666076546081	0.027128257031466	SL1344_2863/SL1344_2850/SL1344_2868/SL1344_1030/SL1344_2864/SL1344_2852/SL1344_1006/SL1344_2851/SL1344_2874/SL1344_2859/SL1344_2867/SL1344_2853/SL1344_2860/SL1344_2877/SL1344_2854/SL1344_1177	16	0.0855614973262032	cytosol	sipC,orgA,spaQ,sopB,sipB,prgJ,rmf,prgK,invB,sicP,spaR,prgI,iacP,invG,prgH,sopF
Colgan_2016_hilE_dn	Genes down-regulated in hilE mutant	6/187	40/4273	0.00718231723046189	0.0350666076546081	0.027128257031466	SL1344_ncRNA_1/SL1344_1068/SL1344_1067/SL1344_ncRNA_2/SL1344_1280/SL1344_0013	6	0.0320855614973262	cytosol	tpke11,STM1130,STM1129,STnc890,ydiE,dnaJ
Colgan_2016_ompR_envZ_up	Genes up-regulated in ompR-envZ mutant	10/187	96/4273	0.00862684462518852	0.0413093136859988	0.0319577442593016	SL1344_2863/SL1344_1030/SL1344_2864/SL1344_2852/SL1344_2851/SL1344_2874/SL1344_2853/SL1344_ncRNA_189/SL1344_2854/SL1344_ncRNA_191	10	0.053475935828877	cytosol	sipC,sopB,sipB,prgJ,prgK,invB,prgI,InvR,prgH,CsrB
